battery_id,cycle,Q_dot_W_m3,t_cycle_s,T_core_FTCS,T_surface_FTCS,delta_T_FTCS,T_core_Greens,T_surface_Greens,delta_T_Greens,error_core,error_surface
B5,1,1084.8464,7150.3,22529783344632.805,2868291053249.884,19661492291382.92,25.5306,25.491,0.0395,22529783344607.273,2868291053224.3926
B5,2,1012.2784,7150.46,-21120706540119.375,-2688899963203.8315,-18431806576915.543,25.4951,25.4582,0.0369,-21120706540144.87,-2688899963229.2896
B5,3,1140.164,7143.31,22602808392033.613,2877587950912.745,19725220441120.867,25.5576,25.5161,0.0415,22602808392008.055,2877587950887.229
B5,4,1299.7572,7089.25,-17516063038403.373,-2229988905432.277,-15286074132971.096,25.6356,25.5882,0.0474,-17516063038429.008,-2229988905457.865
B5,5,1270.2252,7109.5,19772450002517.07,2517251967122.1465,17255198035394.924,25.6212,25.5749,0.0463,19772450002491.45,2517251967096.572
B5,6,1265.9509,7114.68,20452799548775.938,2603868002738.2544,17848931546037.684,25.6191,25.573,0.0461,20452799548750.32,2603868002712.681
B5,7,1174.0896,7076.51,14484558187495.215,1844044748417.276,12640513439077.94,25.5741,25.5313,0.0428,14484558187469.64,1844044748391.7446
B5,8,1080.3339,7052.97,11273507123495.82,1435242369031.7095,9838264754464.111,25.5282,25.4889,0.0394,11273507123470.293,1435242369006.2205
B5,9,1017.6069,7047.03,-10183708816819.879,-1296498969415.0552,-8887209847404.824,25.4976,25.4605,0.0371,-10183708816845.377,-1296498969440.5156
B5,10,1168.9849,7024.26,9941487470476.053,1265661508220.2146,8675825962255.838,25.5715,25.529,0.0426,9941487470450.48,1265661508194.6855
B5,11,1189.3747,6983.32,7581451949749.716,965202836876.122,6616249112873.594,25.5814,25.5381,0.0433,7581451949724.135,965202836850.5839
B5,12,1078.1003,7005.0,-8011899572713.078,-1020003588660.6149,-6991895984052.463,25.5271,25.4878,0.0393,-8011899572738.605,-1020003588686.1027
B5,13,1039.8667,6978.07,6386373986928.994,813056170561.8322,5573317816367.162,25.5083,25.4705,0.0379,6386373986903.486,813056170536.3617
B5,14,1179.5311,6962.34,6479153042099.66,824867972291.2665,5654285069808.394,25.5766,25.5336,0.043,6479153042074.084,824867972265.7329
B5,15,1327.754,6944.71,-6432789182773.703,-818965339235.8645,-5613823843537.839,25.649,25.6007,0.0484,-6432789182799.353,-818965339261.4652
B5,16,1280.8421,6920.02,-5200380944898.194,-662066115281.964,-4538314829616.23,25.626,25.5794,0.0466,-5200380944923.82,-662066115307.5433
B5,17,1150.6159,6899.6,4044491721312.565,514908609734.1189,3529583111578.4463,25.5624,25.5205,0.0419,4044491721287.0024,514908609708.5984
B5,18,1084.894,6882.34,3379206985788.4434,430210491444.93585,2948996494343.5073,25.5302,25.4907,0.0395,3379206985762.913,430210491419.4451
B5,19,1198.1543,6866.51,3337893036709.66,424950767962.3495,2912942268747.3105,25.5855,25.5419,0.0436,3337893036684.0747,424950767936.8076
B5,20,1211.5715,6838.79,-2763557422004.5635,-351831480439.1165,-2411725941565.447,25.592,25.5479,0.0441,-2763557422030.1553,-351831480464.6644
B5,21,1087.8355,6812.9,2069768964632.7493,263504522577.64383,1806264442055.1055,25.5315,25.4919,0.0396,2069768964607.2178,263504522552.15192
B5,22,1113.3382,6796.28,-1885811977259.9392,-240084759768.98358,-1645727217490.9556,25.544,25.5034,0.0405,-1885811977285.4832,-240084759794.48697
B5,23,1247.427,6789.44,2007573024277.5977,255586290229.93677,1751986734047.661,25.6095,25.5641,0.0454,2007573024251.988,255586290204.37268
B5,24,1425.6624,6781.09,2169894154633.8184,276251568667.3719,1893642585966.4465,25.6965,25.6446,0.0519,2169894154608.1218,276251568641.7273
B5,25,1130.1457,6761.89,1496132606481.069,190474258206.09222,1305658348274.9768,25.5521,25.511,0.0411,1496132606455.517,190474258180.58124
B5,26,1224.0442,6728.54,-1278317955779.7185,-162744039707.55103,-1115573916072.1675,25.5979,25.5534,0.0445,-1278317955805.3164,-162744039733.10443
B5,27,1118.0985,6736.34,-1234682585605.1208,-157188773597.7732,-1077493812007.3477,25.5462,25.5055,0.0407,-1234682585630.667,-157188773623.2787
B5,28,1127.7047,6699.58,-959795471876.1008,-122192598228.66972,-837602873647.4312,25.5508,25.5098,0.041,-959795471901.6516,-122192598254.17952
B5,29,1140.9003,6683.5,-868484140166.5681,-110567653958.47809,-757916486208.0901,25.5572,25.5157,0.0415,-868484140192.1254,-110567653983.99379
B5,30,1158.4063,6687.93,910985707700.8348,115978574473.96916,795007133226.8657,25.5658,25.5236,0.0422,910985707675.269,115978574448.44556
B5,31,1369.5999,6623.83,682861256644.4722,86935804200.66211,595925452443.81,25.6688,25.619,0.0498,682861256618.8033,86935804175.0431
B5,32,1379.7023,6638.49,761996870513.8627,97010644680.9812,664986225832.8815,25.6738,25.6236,0.0502,761996870488.1888,97010644655.3576
B5,33,1354.3248,6601.88,576498134713.9305,73394600259.18924,503103534454.74133,25.6613,25.612,0.0493,576498134688.2693,73394600233.57724
B5,34,1248.4814,6579.55,453725954588.7368,57764341394.618645,395961613194.11816,25.6095,25.5641,0.0454,453725954563.1273,57764341369.05454
B5,35,1063.7499,6567.63,355549012469.9038,45265328847.24003,310283683622.66376,25.5193,25.4806,0.0387,355549012444.3845,45265328821.75943
B5,36,1147.6194,6570.08,390783011754.7779,49751007354.3538,341032004400.4241,25.5603,25.5185,0.0417,390783011729.2176,49751007328.8353
B5,37,1191.2978,6519.81,-283567069348.3128,-36101229872.40878,-247465839475.90402,25.5815,25.5382,0.0433,-283567069373.8943,-36101229897.94698
B5,38,1056.2975,6517.79,247948914046.63055,31566644092.356377,216382269954.27417,25.5156,25.4772,0.0384,247948914021.11496,31566644066.879177
B5,39,1230.7985,6515.03,283586990948.2817,36103766157.36109,247483224790.9206,25.6008,25.556,0.0448,283586990922.68085,36103766131.80509
B5,40,1195.9653,6474.81,-207504437273.1743,-26417614023.609085,-181086823249.5652,25.5837,25.5402,0.0435,-207504437298.758,-26417614049.149284
B5,41,1379.7859,6451.54,-202496654405.57913,-25780067777.49389,-176716586628.08524,25.6733,25.6231,0.0502,-202496654431.25244,-25780067803.11699
B5,42,1100.6961,6430.03,138556958977.056,17639836132.371082,120917122844.68492,25.5371,25.4971,0.04,138556958951.5189,17639836106.87398
B5,43,1233.7091,6389.97,-116945589787.72539,-14888469332.775072,-102057120454.95032,25.6019,25.557,0.0448,-116945589813.32729,-14888469358.332071
B5,44,1462.6599,6387.75,136727524120.45796,17406928804.84256,119320595315.6154,25.7135,25.6604,0.0532,136727524094.74446,17406928779.18216
B5,45,1293.6859,6354.78,95844389377.75536,12202052760.628706,83642336617.12665,25.631,25.584,0.047,95844389352.12436,12202052735.044706
B5,46,1294.2864,6353.06,-94560288738.11153,-12038572476.566357,-82521716261.54517,25.6313,25.5843,0.047,-94560288763.74283,-12038572502.150656
B5,47,1156.194,6351.81,-83689421441.5783,-10654590618.892193,-73034830822.6861,25.5639,25.5219,0.042,-83689421467.1422,-10654590644.414093
B5,48,1150.6135,6370.28,-94867176382.78596,-12077642674.149279,-82789533708.63669,25.5613,25.5195,0.0418,-94867176408.34726,-12077642699.66878
B5,49,1243.417,6335.98,-80498509309.66898,-10248352148.671045,-70250157160.99792,25.6064,25.5613,0.0452,-80498509335.27538,-10248352174.232346
B5,50,1178.6698,6293.14,56402111595.66907,7180613772.436837,49221497823.23223,25.5748,25.5319,0.0428,56402111570.09427,7180613746.904937
B5,51,1084.7944,6263.37,41913355450.59621,5336034577.493031,36577320873.10318,25.5289,25.4895,0.0394,41913355425.06731,5336034552.0035305
B5,52,1190.0766,6253.87,43083092747.42745,5484955096.287606,37598137651.13985,25.5802,25.537,0.0432,43083092721.84725,5484955070.750607
B5,53,1298.4788,6227.95,39028940479.6798,4968816592.014995,34060123887.664806,25.633,25.5858,0.0472,39028940454.0468,4968816566.429194
B5,54,1146.0068,6236.37,-36592523299.65869,-4658633644.572328,-31933889655.086365,25.5587,25.517,0.0416,-36592523325.21739,-4658633670.089328
B5,55,1200.4189,6195.36,-28729497996.905754,-3657583399.9850693,-25071914596.920685,25.5851,25.5415,0.0436,-28729498022.490852,-3657583425.5265694
B5,56,1194.2405,6170.01,23841064862.3509,3035231741.8977757,20805833120.453125,25.582,25.5386,0.0434,23841064836.768898,3035231716.3591757
B5,57,1105.0123,6170.04,22059737152.3976,2808448987.0029564,19251288165.39464,25.5385,25.4984,0.0401,22059737126.859097,2808448961.504556
B5,58,1144.1012,6133.88,-17685821854.66465,-2251601061.472974,-15434220793.191677,25.5574,25.5159,0.0415,-17685821880.22205,-2251601086.988874
B5,59,1157.9999,6123.53,-16617156150.077196,-2115548076.2938695,-14501608073.783327,25.5642,25.5221,0.042,-16617156175.641396,-2115548101.8159695
B5,60,1396.1399,6154.23,24928394108.609123,3173660802.7967644,21754733305.81236,25.6803,25.6296,0.0507,24928394082.92882,3173660777.1671643
B5,61,1337.8283,6090.57,-15215034204.044212,-1937042416.7704244,-13277991787.273788,25.6517,25.6031,0.0485,-15215034229.695911,-1937042442.3735244
B5,62,1757.5086,6106.66,-22348007741.128235,-2845148982.3254013,-19502858758.802834,25.8562,25.7924,0.0638,-22348007766.984436,-2845149008.117801
B5,63,1345.4399,6058.5,12183735119.256588,1551124500.656193,10632610618.600395,25.6553,25.6064,0.0488,12183735093.601288,1551124475.049793
B5,64,1183.8374,6019.49,-8148107967.8257,-1037344404.3306481,-7110763563.495051,25.5764,25.5335,0.0429,-8148107993.4021,-1037344429.864148
B5,65,1439.9518,6025.71,10334484004.45869,1315694343.7915502,9018789660.667141,25.7012,25.6489,0.0522,10334483978.75749,1315694318.1426501
B5,66,1213.1575,6017.97,8234257902.627867,1048312290.1162511,7185945612.511616,25.5907,25.5467,0.044,8234257877.037167,1048312264.5695511
B5,67,1161.2323,5998.96,-6887468052.406582,-876850975.0226438,-6010617077.383938,25.5653,25.5232,0.0421,-6887468077.971882,-876851000.5458438
B5,68,1250.9996,5991.55,7049904585.177712,897530990.0024854,6152373595.175227,25.609,25.5636,0.0454,7049904559.568712,897530964.4388855
B5,69,1259.9011,5961.27,5732772006.203202,729845418.6712239,5002926587.531979,25.6132,25.5676,0.0457,5732771980.590002,729845393.1036239
B5,70,1185.4917,5919.1,4005692798.4753366,509969099.1969701,3495723699.2783666,25.5769,25.5339,0.043,4005692772.8984365,509969073.6630701
B5,71,1169.5732,5897.48,-3389708567.723862,-431547436.9079332,-2958161130.815929,25.569,25.5266,0.0424,-3389708593.292862,-431547462.4345332
B5,72,1346.1035,5910.03,4261717293.578973,542563854.2743359,3719153439.304637,25.655,25.6062,0.0488,4261717267.9239726,542563828.6681359
B5,73,1235.6029,5894.74,3498778315.771168,445433268.8771635,3053345046.894005,25.6012,25.5564,0.0448,3498778290.169968,445433243.3207635
B5,74,1323.4874,5881.18,3414813367.8544345,434743600.6956349,2980069767.1587996,25.6439,25.5959,0.048,3414813342.2105346,434743575.0997349
B5,75,933.3256,5862.93,2114141941.1229982,269153716.28795254,1844988224.8350458,25.454,25.4202,0.0338,2114141915.6689982,269153690.86775255
B5,76,1426.6114,5828.65,2537416407.0866427,323041245.9353314,2214375161.1513114,25.6938,25.6421,0.0517,2537416381.392843,323041220.2932314
B5,77,1297.8502,5827.87,2287029643.250159,291164236.5270817,1995865406.723077,25.6311,25.5841,0.047,2287029617.6190586,291164210.9429817
B5,78,1197.0047,5835.44,2230372489.337251,283951153.02635556,1946421336.3108957,25.5821,25.5388,0.0434,2230372463.7551513,283951127.48755556
B5,79,1296.1017,5783.37,-1672549911.7940433,-212934113.57977682,-1459615798.2142665,25.6301,25.5832,0.0469,-1672549937.4241433,-212934139.16297683
B5,80,1117.8468,5759.18,1214506396.309584,154620143.4020027,1059886252.9075812,25.5433,25.5029,0.0405,1214506370.766284,154620117.8991027
B5,81,1097.1153,5754.3,1148458211.4164155,146211477.6333222,1002246733.7830932,25.5332,25.4935,0.0397,1148458185.8832154,146211452.1398222
B5,82,1229.528,5741.07,1172761984.8956316,149305617.33615944,1023456367.5594721,25.5975,25.553,0.0445,1172761959.2981315,149305591.78315943
B5,83,1374.6661,5725.1,1172737885.4707873,149302549.26648137,1023435336.2043059,25.668,25.6182,0.0498,1172737859.8027873,149302523.64828137
B5,84,1252.8807,5680.88,779087219.7492332,99186457.76475178,679900761.9844815,25.6086,25.5633,0.0453,779087194.1406332,99186432.20145178
B5,85,1089.232,5666.39,611457542.8175032,77845342.46769114,533612200.3498121,25.5291,25.4896,0.0394,611457517.2884033,77845316.97809114
B5,86,986.7315,5658.05,523855771.59292305,66692666.31147166,457163105.2814514,25.4792,25.4435,0.0357,523855746.11372304,66692640.867971666
B5,87,1189.9622,5648.28,-589186175.1729729,-75009906.11156306,-514176269.06140983,25.5779,25.5348,0.0431,-589186200.750873,-75009931.64636305
B5,88,1154.1928,5623.35,-478913012.0834443,-60970910.62012642,-417942101.4633179,25.5604,25.5187,0.0417,-478913037.6438443,-60970936.13882642
B5,89,1283.0816,5613.83,496523426.3196236,63212956.022011876,433310470.2976117,25.6229,25.5765,0.0464,496523400.6967236,63212930.44551188
B5,90,1190.9123,5579.51,361867744.50382763,46069795.68675279,315797948.81707484,25.578,25.535,0.0431,361867718.9258276,46069770.15175279
B5,91,1428.3383,5559.79,377499063.79790354,48059835.91875144,329439227.8791521,25.6931,25.6415,0.0516,377499038.10480356,48059810.27725144
B5,92,1228.6331,5545.06,-291781763.1368887,-37147029.15879763,-254634733.97809106,25.5961,25.5517,0.0444,-291781788.73298866,-37147054.71049763
B5,93,1070.2027,5533.31,-233749798.39227366,-29758917.1028347,-203990881.28943896,25.5192,25.4805,0.0387,-233749823.91147366,-29758942.583334703
B5,94,1341.5,5484.7,-207697704.97341654,-26442196.84850088,-181255508.12491566,25.6506,25.6021,0.0485,-207697730.62401652,-26442222.45060088
B5,95,1287.4943,5482.17,-195662620.24634966,-24909997.232292242,-170752623.01405743,25.6244,25.5778,0.0465,-195662645.87074965,-24910022.81009224
B5,96,1221.6134,5478.16,-180542350.2627186,-22985019.353027437,-157557330.90969115,25.5924,25.5483,0.0441,-180542375.8551186,-22985044.90132744
B5,97,1223.7195,5450.89,149460689.8362394,19028024.13656213,130432665.69967726,25.5932,25.5491,0.0442,149460664.2430394,19027998.58746213
B5,98,1296.8973,5432.82,139060651.19701427,17703984.0109448,121356667.18606947,25.6286,25.5818,0.0468,139060625.56841427,17703958.4291448
B5,99,1214.224,5427.68,125441589.45439464,15970126.519005176,109471462.93538946,25.5885,25.5447,0.0438,125441563.86589465,15970100.974305175
B5,100,1225.226,5400.61,-104606688.1634508,-13317568.1879698,-91289119.975481,25.5937,25.5495,0.0442,-104606713.75715081,-13317593.7374698
B5,101,1181.9063,5412.02,-109717837.74494724,-13968274.178097703,-95749563.56684953,25.5728,25.5301,0.0427,-109717863.31774724,-13968299.708197702
B5,102,1224.2526,5381.93,-91763086.8135149,-11682435.427489629,-80080651.38602528,25.5931,25.5489,0.0442,-91763112.4066149,-11682460.97638963
B5,103,1120.0065,5356.07,-69700526.10023561,-8873627.031040063,-60826899.069195546,25.5425,25.502,0.0404,-69700551.64273562,-8873652.533040063
B5,104,1187.5666,5296.62,-48631500.49632094,-6191306.598736244,-42440193.8975847,25.5748,25.532,0.0428,-48631526.07112094,-6191332.130736244
B5,105,1178.5108,5306.59,51747165.756775625,6588009.822979585,45159155.93379604,25.5705,25.528,0.0425,51747140.186275624,6587984.294979585
B5,106,1306.5601,5301.68,55274528.76326083,7037082.265035249,48237446.49822558,25.6324,25.5853,0.0471,55274503.13086083,7037056.679735249
B5,107,1401.1362,5248.79,40861620.37266594,5202159.364576573,35659461.00808937,25.6778,25.6273,0.0505,40861594.69486594,5202133.737276573
B5,108,1193.3476,5263.76,-38730237.48741643,-4930766.10818676,-33799471.37922967,25.5774,25.5344,0.043,-38730263.06481643,-4930791.64258676
B5,109,990.6104,5222.22,-23874653.7154313,-3039485.767409323,-20835167.94802198,25.4791,25.4434,0.0357,-23874679.1945313,-3039511.210809323
B5,110,1022.7646,5206.45,-22046600.45110464,-2806754.3198636496,-19239846.13124099,25.4945,25.4577,0.0368,-22046625.94560464,-2806779.7775636497
B5,111,1449.1606,5218.93,34123544.44320903,4344327.657524238,29779216.78568479,25.7008,25.6486,0.0522,34123518.74240903,4344302.008924238
B5,112,1008.3541,5147.75,14369544.608658662,1829424.4371218632,12540120.1715368,25.4872,25.4509,0.0363,14369519.121458663,1829398.9862218632
B5,113,1225.7596,5188.13,-23196599.166027717,-2953161.8230943913,-20243437.342933327,25.5926,25.5484,0.0441,-23196624.758627716,-2953187.3714943915
B5,114,1301.239,5152.34,-19156798.503922846,-2438850.4093455407,-16717948.094577305,25.6288,25.5819,0.0468,-19156824.132722847,-2438875.991245541
B5,115,1261.4762,5115.27,14247334.912911735,1813865.8825729014,12433469.030338835,25.6093,25.5639,0.0454,14247309.303611735,1813840.3186729015
B5,116,1217.4544,5118.68,-14073532.28492603,-1791694.3275897256,-12281837.957336305,25.588,25.5442,0.0438,-14073557.87292603,-1791719.8717897255
B5,117,1221.5038,5111.25,13416288.655882657,1708064.4710739034,11708224.184808753,25.5899,25.546,0.0439,13416263.065982657,1708038.9250739033
B5,118,1394.1039,5072.79,-11638031.210613886,-1481627.9898080907,-10156403.220805796,25.673,25.6228,0.0501,-11638056.883613886,-1481653.6126080907
B5,119,1196.8285,5044.26,8180495.970316852,1041490.0392983055,7139005.931018547,25.5775,25.5345,0.043,8180470.392816853,1041464.5047983056
B5,120,1111.5082,5054.96,8184134.8766836785,1041953.2808064267,7142181.595877252,25.5364,25.4965,0.04,8184109.340283679,1041927.7843064266
B5,121,1141.7347,5004.82,5903931.431497089,751658.128178219,5152273.303318869,25.5506,25.5096,0.041,5903905.880897089,751632.618578219
B5,122,1219.2608,5003.52,6246471.194752417,795267.2641663529,5451203.930586063,25.588,25.5442,0.0438,6246445.606752416,795241.7199663529
B5,123,1326.5369,4964.82,-5165377.7264622515,-657587.509020572,-4507790.21744168,25.6394,25.5918,0.0476,-5165403.365862251,-657613.100820572
B5,124,1165.0203,4961.41,4432237.952386836,564295.2500866674,3867942.702300168,25.5615,25.5197,0.0418,4432212.390886836,564269.7303866674
B5,125,1221.0944,4955.63,-4455113.164827787,-567162.9996083385,-3887950.165219449,25.5885,25.5447,0.0438,-4455138.753327787,-567188.5443083384
B5,126,1297.5639,4926.24,3840298.765910435,488934.88175007986,3351363.884160355,25.6251,25.5785,0.0466,3840273.140810435,488909.30325007986
B5,127,1366.6175,4898.07,-3311601.0477817394,-421581.1833051135,-2890019.864476626,25.6581,25.6091,0.049,-3311626.7058817395,-421606.7924051135
B5,128,1148.0695,4895.68,-2730737.0896994905,-347630.8462984575,-2383106.243401033,25.5528,25.5116,0.0412,-2730762.6424994906,-347656.3578984575
B5,129,1392.4115,4863.36,2637134.5015136935,335758.77431642485,2301375.7271972685,25.6701,25.6202,0.0499,2637108.8314136933,335733.15411642485
B5,130,1354.8802,4880.45,2895826.618481715,368693.1333906658,2527133.485091049,25.6522,25.6037,0.0486,2895800.9662817153,368667.52969066583
B5,131,1359.6264,4874.47,-2786811.839389179,-354769.7050880602,-2432042.1343011186,25.6545,25.6057,0.0487,-2786837.493889179,-354795.3107880602
B5,132,1121.0012,4830.34,1682664.8688288336,214244.113784023,1468420.7550448105,25.5392,25.4991,0.0402,1682639.3296288336,214218.61468402302
B5,133,1205.1905,4821.11,1695014.1003976502,215816.33886840745,1479197.7615292426,25.5796,25.5365,0.0432,1694988.52079765,215790.80236840746
B5,134,1142.8358,4784.04,-1233029.1597080235,-156956.03460894193,-1076073.1250990815,25.5493,25.5084,0.0409,-1233054.7090080236,-156981.54300894192
B5,135,1250.4623,4795.24,1460186.4704352822,185920.19620481587,1274266.2742304662,25.6012,25.5564,0.0448,1460160.8692352823,185894.63980481587
B5,136,1140.5778,4760.41,-1040903.6580093,-132496.33045245838,-908407.3275568417,25.548,25.5072,0.0408,-1040929.2060093,-132521.83765245837
B5,137,1059.7322,4723.59,-745392.2193725406,-94874.48009879564,-650517.739273745,25.5088,25.4709,0.0379,-745417.7281725405,-94899.95099879564
B5,138,1010.6778,4695.89,-584759.821781111,-74424.21433439477,-510335.60744671617,25.485,25.4489,0.0361,-584785.3067811109,-74449.66323439477
B5,139,1354.8646,4752.11,-1169359.293254117,-148850.07702605892,-1020509.2162280581,25.6509,25.6024,0.0485,-1169384.944154117,-148875.67942605892
B5,140,1265.717,4675.85,634063.3831689286,80745.57836480136,553317.8048041272,25.6072,25.562,0.0452,634037.7759689286,80720.01636480135
B5,141,1284.1167,4689.15,-709214.812408642,-90268.61276278907,-618946.1996458529,25.6162,25.5703,0.0459,-709240.4286086421,-90294.18306278907
B5,142,1027.0192,4633.33,382064.5767164216,48663.24978384635,333401.3269325752,25.4923,25.4557,0.0367,382039.0844164216,48637.794083846355
B5,143,1263.3623,4629.05,-454879.91481134883,-57888.97037074513,-396990.9444406037,25.6056,25.5605,0.0451,-454905.52041134884,-57914.53087074513
B5,144,1199.1859,4638.09,-460817.71774759464,-58644.94206169894,-402172.7756858957,25.5749,25.5321,0.0428,-460843.29264759464,-58670.474161698934
B5,145,1161.7638,4602.03,345734.34574705065,44038.05827046504,301696.2874765856,25.5566,25.5151,0.0414,345708.78914705064,44012.54317046504
B5,146,1133.9961,4555.55,-242534.33744740885,-30855.073796423127,-211679.26365098573,25.5428,25.5024,0.0404,-242559.88024740884,-30880.576196423128
B5,147,1217.8673,4544.78,-241796.18116870875,-30761.067536724942,-211035.1136319838,25.5828,25.5394,0.0434,-241821.76396870875,-30786.606936724944
B5,148,1262.9459,4494.2,-174459.14362451006,-22188.300421816864,-152270.8432026932,25.6037,25.5588,0.045,-174484.74732451007,-22213.859221816863
B5,149,1268.2303,4537.83,239290.40783112182,30486.60422848066,208803.80360264116,25.6068,25.5616,0.0452,239264.8010311218,30461.04262848066
B5,150,1083.925,4528.69,191629.91031424576,24418.826913694073,167211.0834005517,25.5185,25.4799,0.0386,191604.39181424576,24393.347013694074
B5,151,1474.7044,4470.43,-172309.99375679006,-21914.61222535312,-150395.38153143693,25.7046,25.6521,0.0525,-172335.69835679006,-21940.26432535312
B5,152,1230.8052,4491.4,-166885.41409002818,-21224.0925753495,-145661.32151467868,25.5883,25.5445,0.0438,-166911.00239002818,-21249.6370753495
B5,153,1257.8928,4438.61,-117566.30538358302,-14945.214106876527,-102621.09127670649,25.6006,25.5559,0.0447,-117591.90598358303,-14970.770006876526
B5,154,959.3269,4431.41,85234.33919341408,10873.445299968336,74360.89389344574,25.458,25.4239,0.0341,85208.88119341408,10848.021399968336
B5,155,1232.426,4429.43,-107924.28418082066,-13717.687412764504,-94206.59676805616,25.5883,25.5445,0.0438,-107949.87248082066,-13743.231912764504
B5,156,1248.5101,4394.51,-85048.80200478119,-10805.37950663343,-74243.42249814776,25.5955,25.5512,0.0443,-85074.39750478118,-10830.93070663343
B5,157,1219.1605,4357.11,63757.231418803305,8139.266205949148,55617.96521285416,25.581,25.5377,0.0433,63731.65041880331,8113.728505949148
B5,158,1460.655,4343.84,69600.42855975058,8883.258327760106,60717.17023199047,25.6959,25.644,0.0518,69574.73265975057,8857.614327760106
B5,159,1300.9774,4340.61,-60519.01784239309,-7682.44750368602,-52836.57033870707,25.6197,25.5736,0.0461,-60544.637542393095,-7708.02110368602
B5,160,1151.4751,4324.21,47731.49566112992,6098.9873479580665,41632.50831317186,25.5483,25.5075,0.0408,47705.94736112992,6073.479847958067
B5,161,1403.3097,4290.86,-45838.870401379616,-5813.465163328961,-40025.405238050655,25.6677,25.6179,0.0497,-45864.538101379614,-5839.0830633289615
B5,162,1275.78,4286.44,-40523.552380131885,-5136.813013632711,-35386.739366499176,25.6069,25.5617,0.0452,-40549.159280131884,-5162.374713632711
B5,163,1157.6317,4269.42,-32578.404179201025,-4125.351033671494,-28453.05314552953,25.5505,25.5095,0.041,-32603.954679201026,-4150.8605336714945
B5,164,1213.3547,4269.93,34358.12384249051,4396.431046125468,29961.69279636504,25.577,25.534,0.043,34332.54684249051,4370.8970461254685
B5,165,1061.4877,4209.07,-19464.771644965815,-2455.876066894559,-17008.895578071257,25.5039,25.4664,0.0375,-19490.275544965814,-2481.3424668945586
B5,166,1222.8657,4197.75,20772.341071462688,2666.8130478705775,18105.52802359211,25.5804,25.5372,0.0432,20746.76067146269,2641.2758478705773
B5,167,1108.7632,4191.04,-17847.430390867452,-2249.953522546062,-15597.47686832139,25.5261,25.487,0.0392,-17872.95649086745,-2275.440522546062
B5,168,1286.3274,4164.84,-17190.22326944289,-2166.2192519557066,-15024.004017487183,25.6099,25.5645,0.0454,-17215.83316944289,-2191.7837519557065
B5,169,1205.8986,4175.41,-17360.42091754838,-2187.916528201863,-15172.504389346519,25.572,25.5294,0.0426,-17385.99291754838,-2213.445928201863
B5,170,1384.1164,4110.99,-12626.065613451236,-1585.116455684358,-11040.949157766878,25.6553,25.6065,0.0488,-12651.720913451236,-1610.722955684358
B5,171,1202.9602,4143.79,-13848.484312977245,-1740.809523380363,-12107.674789596882,25.5701,25.5276,0.0424,-13874.054412977246,-1766.337123380363
B5,172,1290.9133,4083.01,-9680.697976672947,-1210.1728448960205,-8470.525131776927,25.6107,25.5652,0.0455,-9706.308676672947,-1235.7380448960205
B5,173,1247.2445,4077.36,9019.157089628012,1170.5099257501686,7848.647163877843,25.5899,25.546,0.0439,8993.567189628011,1144.9639257501685
B5,174,1020.9644,4079.37,-7439.891616423636,-924.9917020764906,-6514.899914347146,25.4829,25.447,0.036,-7465.374516423636,-950.4387020764906
B5,175,1241.5085,4019.76,5971.409994259086,782.4951045253041,5188.914889733782,25.5861,25.5425,0.0436,5945.823894259085,756.9526045253041
B5,176,1348.7938,4054.34,-8239.395716757972,-1026.6584267578307,-7212.737290000141,25.6375,25.59,0.0475,-8265.033216757973,-1052.2484267578307
B5,177,1215.0082,4017.45,-5712.756763270664,-705.0384435138706,-5007.718319756794,25.5736,25.5309,0.0427,-5738.330363270664,-730.5693435138705
B5,178,1211.8083,3987.98,4668.147645389885,616.5641536111177,4051.583491778767,25.5715,25.529,0.0425,4642.576145389885,591.0351536111177
B5,179,1296.4253,3987.12,4946.398468431985,652.0192722186173,4294.379196213367,25.6114,25.5659,0.0455,4920.787068431985,626.4533722186172
B5,180,1088.6308,3962.12,3488.301643985262,466.311637211153,3021.990006774109,25.513,25.4748,0.0382,3462.7886439852623,440.836837211153
B5,181,1289.7587,3933.33,3369.0553579970574,451.20280591876883,2917.8525520782887,25.6072,25.562,0.0452,3343.4481579970575,425.6408059187688
B5,182,1066.2421,3914.84,2452.083336489584,334.38085804541197,2117.702478444172,25.5016,25.4643,0.0373,2426.581736489584,308.916558045412
B5,183,1232.4593,3915.29,-2792.3809232695357,-333.2373282832098,-2459.1435949863258,25.5799,25.5367,0.0432,-2817.960823269536,-358.7740282832098
B5,184,1117.8338,3873.02,1914.677727040897,265.9812937173922,1648.6964333235048,25.5251,25.486,0.0391,1889.152627040897,240.4952937173922
B5,185,1282.0306,3860.84,2018.2763440525607,279.2297579434424,1739.0465861091184,25.602,25.5572,0.0448,1992.6743440525606,253.6725579434424
B5,186,1255.0195,3874.87,-2125.2331693426017,-248.294468459307,-1876.9387008832948,25.5896,25.5457,0.0439,-2150.8227693426015,-273.840168459307
B5,187,1065.2718,3858.07,1650.751595327848,232.36136866582248,1418.3902266620255,25.5002,25.4629,0.0372,1625.251395327848,206.8984686658225
B5,188,1281.0815,3828.65,-1559.8957720759322,-176.3120591098998,-1383.5837129660324,25.6008,25.5561,0.0447,-1585.4965720759321,-201.8681591098998
B5,189,1367.3059,3815.17,1560.3881701400696,220.9655637089606,1339.422606431109,25.641,25.5933,0.0477,1534.7471701400696,195.3722637089606
B5,190,1223.625,3776.35,-1018.3714079386025,-107.39159599925874,-910.9798119393438,25.5727,25.5301,0.0426,-1043.9441079386024,-132.92169599925873
B5,191,1127.8534,3731.03,723.6338846338836,114.3497599748308,609.2841246590527,25.527,25.4877,0.0392,698.1068846338835,88.8620599748308
B5,192,1207.2389,3749.88,-829.5865326121109,-83.3635228866932,-746.2230097254177,25.5645,25.5225,0.042,-855.1510326121108,-108.88602288669321
B5,193,1230.9944,3729.74,780.4704961878733,121.6227895310747,658.8477066567987,25.5751,25.5323,0.0428,754.8953961878733,96.0904895310747
B5,194,1081.0751,3717.61,635.2297809833843,103.07790518201239,532.151875801372,25.5048,25.4673,0.0376,609.7249809833843,77.61060518201239
B5,195,1406.1736,3700.41,-673.8761231573432,-63.46918483261458,-610.4069383247286,25.6562,25.6073,0.0488,-699.5323231573432,-89.07648483261458
B5,196,1270.016,3673.49,547.6969250616538,92.00116424607569,455.6957608155781,25.592,25.5479,0.0441,522.1049250616538,66.45326424607569
B5,197,1254.5519,3663.86,508.8248501705528,87.04659774805754,421.77825242249526,25.5845,25.541,0.0435,483.2403501705528,61.50559774805754
B5,198,1380.6961,3656.1,528.6073590883402,89.61025176128506,438.9971073270552,25.6431,25.5952,0.0479,502.9642590883402,64.01505176128506
B5,199,1235.3111,3642.0,431.81706049432836,77.23534007016792,354.58172042416044,25.575,25.5322,0.0428,406.24206049432837,51.70314007016792
B5,200,949.6674,3639.95,-282.5579267722272,-13.81497966695375,-268.7429471052734,25.442,25.4091,0.0329,-307.9999267722272,-39.22407966695375
B5,201,1233.4079,3589.67,-255.36388915113332,-10.252063431038012,-245.1118257200953,25.5728,25.5301,0.0426,-280.93668915113335,-35.782163431038015
B5,202,1212.6096,3570.52,-214.6745899221607,-5.0796812249829495,-209.59490869717774,25.5626,25.5207,0.0419,-240.2371899221607,-30.60038122498295
B5,203,1252.0145,3522.34,202.20321731782374,48.006604857865334,154.1966124599584,25.5796,25.5364,0.0431,176.62361731782374,22.470204857865333
B5,204,973.7876,3525.41,-115.17466178980395,7.50167577456226,-122.67633756436621,25.4508,25.4173,0.0335,-140.62546178980395,-17.91562422543774
B5,205,1120.9323,3484.19,146.2651161491242,40.83758687612759,105.42752927299661,25.5179,25.4794,0.0385,120.7472161491242,15.35818687612759
B5,206,1378.8649,3485.58,175.55671187632151,44.6586189590733,130.89809291724822,25.6371,25.5897,0.0474,149.9196118763215,19.0689189590733
B5,207,1203.2322,3467.06,140.4066191967293,40.120693555889474,100.28592564083984,25.5554,25.5141,0.0413,114.85121919672932,14.606593555889475
B5,208,1140.7396,3438.37,114.26248686625746,36.76944476314197,77.4930421031155,25.5258,25.4867,0.0391,88.73668686625746,11.28274476314197
B5,209,1218.7796,3436.79,119.49109215242524,37.46280601900249,82.02828613342274,25.5617,25.5199,0.0418,93.92939215242524,11.942906019002493
B5,210,1246.2071,3441.43,-73.6726789760278,12.880763791316284,-86.55344276734408,25.5745,25.5318,0.0427,-99.2471789760278,-12.651036208683717
B5,211,1149.7941,3365.47,-27.869802471435648,18.67612350247663,-46.545925973912276,25.5279,25.4886,0.0393,-53.39770247143565,-6.81247649752337
B5,212,1037.6652,3405.61,89.44831238036095,33.57309089721701,55.87522148314394,25.4775,25.4419,0.0355,63.97081238036095,8.131190897217007
B5,213,1341.2485,3353.71,-31.673303830600723,18.259373310996875,-49.932677141597594,25.6154,25.5696,0.0458,-57.288703830600724,-7.310226689003127
B5,214,1150.3401,3366.36,79.17666752036783,32.304532661398355,46.872134858969474,25.5282,25.4889,0.0393,53.64846752036783,6.815632661398354
B5,215,1289.0428,3331.26,-21.41822405500549,19.54593928798299,-40.96416334298848,25.5907,25.5467,0.0439,-47.00892405500549,-6.000760712017012
B5,216,1161.9511,3311.59,-11.32623398915822,20.7854075742786,-32.11164156343682,25.5318,25.4923,0.0396,-36.85803398915822,-4.706892425721399
B5,217,1412.8611,3265.86,-6.72418488263748,21.458566523905606,-28.182751406543087,25.6449,25.597,0.048,-32.36908488263748,-4.138433476094395
B5,218,1266.6913,3283.3,58.454161219840785,29.705486280838276,28.74867493900251,25.5788,25.5358,0.0431,32.875361219840784,4.1696862808382775
B5,219,936.775,3279.4,49.07152270036806,28.394630816748748,20.67689188361931,25.428,25.3961,0.0318,23.643522700368056,2.9985308167487474
B5,220,1131.9256,3233.74,46.14407277637311,28.089624335997836,18.05444844037527,25.5157,25.4773,0.0384,20.62837277637311,2.6123243359978368
B6,1,1159.1521,7177.29,-29129307406543.49,-3708483590025.877,-25420823816517.61,25.5669,25.5247,0.0422,-29129307406569.055,-3708483590051.402
B6,2,1246.612,7126.0,-21797074518853.78,-2775009101157.6196,-19022065417696.16,25.6096,25.5642,0.0454,-21797074518879.39,-2775009101183.1836
B6,3,1198.3324,7157.8,26314803557600.42,3350166064965.342,22964637492635.08,25.5861,25.5424,0.0437,26314803557574.836,3350166064939.7993
B6,4,1074.1124,7124.55,-18607085971642.72,-2368888213535.2153,-16238197758107.504,25.5253,25.4861,0.0391,-18607085971668.242,-2368888213560.7017
B6,5,1215.5804,7117.36,20007728699241.68,2547205552139.259,17460523147102.422,25.5945,25.5502,0.0443,20007728699216.086,2547205552113.7085
B6,6,1018.8072,7086.05,13414342366607.758,1707794416262.7847,11706547950344.973,25.4982,25.4611,0.0371,13414342366582.26,1707794416237.3235
B6,7,1204.15,7081.34,-15346881407343.615,-1953828048933.1353,-13393053358410.48,25.5888,25.5449,0.0439,-15346881407369.203,-1953828048958.6802
B6,8,1225.1614,7054.01,12904278060391.988,1642857578490.8196,11261420481901.168,25.599,25.5544,0.0446,12904278060366.389,1642857578465.2651
B6,9,1376.9772,7022.41,-11548116422105.371,-1470203175413.3914,-10077913246691.98,25.6732,25.6231,0.0502,-11548116422131.045,-1470203175439.0144
B6,10,1164.2669,7019.75,-9584256575772.99,-1220182057106.9524,-8364074518666.038,25.5692,25.5268,0.0424,-9584256575798.559,-1220182057132.4792
B6,11,1240.9732,7035.57,-11421859906815.107,-1454129322075.4126,-9967730584739.695,25.6068,25.5615,0.0452,-11421859906840.715,-1454129322100.974
B6,12,1077.442,7011.5,-8388141890659.244,-1067903404557.7682,-7320238486101.476,25.5268,25.4875,0.0392,-8388141890684.7705,-1067903404583.2557
B6,13,1273.2117,6977.32,-7783185811630.859,-990885792691.2178,-6792300018939.642,25.6224,25.576,0.0464,-7783185811656.481,-990885792716.7938
B6,14,1313.8037,6932.88,-5854102071374.574,-745292058012.775,-5108810013361.799,25.6422,25.5943,0.0478,-5854102071400.217,-745292058038.3694
B6,15,1252.5642,6944.47,-6068493986820.662,-772586524344.3955,-5295907462476.267,25.6123,25.5667,0.0456,-6068493986846.274,-772586524369.9622
B6,16,1222.3011,6903.34,4418043201858.783,562465852215.39,3855577349643.393,25.5974,25.5529,0.0445,4418043201833.186,562465852189.8372
B6,17,1518.7372,6901.87,5438700348895.891,692406816071.0914,4746293532824.799,25.7423,25.687,0.0553,5438700348870.148,692406816045.4044
B6,18,1211.347,6881.4,3738147970607.2334,475907655933.5991,3262240314673.6343,25.592,25.5479,0.0441,3738147970581.6416,475907655908.0512
B6,19,1187.9052,6879.62,3631878905705.417,462378426494.0384,3169500479211.3784,25.5806,25.5373,0.0433,3631878905679.8364,462378426468.5011
B6,20,1199.1061,6825.47,-2492223861335.69,-317287711748.50415,-2174936149587.1858,25.5859,25.5423,0.0437,-2492223861361.276,-317287711774.04645
B6,21,1300.1772,6841.5,3035429098923.523,386443757335.383,2648985341588.14,25.6353,25.588,0.0473,3035429098897.8877,386443757309.795
B6,22,1140.7772,6796.25,-1932287654592.8308,-246001628451.0886,-1686286026141.7422,25.5574,25.5159,0.0415,-1932287654618.3882,-246001628476.6045
B6,23,1075.8063,6817.32,-2114608958041.4766,-269213150528.1353,-1845395807513.3413,25.5257,25.4865,0.0392,-2114608958067.0022,-269213150553.62183
B6,24,1147.4549,6778.56,1714272922588.0044,218245937474.6806,1496026985113.3237,25.5606,25.5188,0.0418,1714272922562.4438,218245937449.1618
B6,25,1209.5253,6725.74,-1239876752239.0461,-157850048562.4044,-1082026703676.6417,25.5908,25.5468,0.044,-1239876752264.637,-157850048587.9512
B6,26,1398.8116,6730.64,-1488257876866.8206,-189471717828.41138,-1298786159038.4092,25.6833,25.6324,0.0509,-1488257876892.504,-189471717854.04376
B6,27,1280.7218,6694.04,-1050222292400.236,-133704934424.37808,-916517357975.8579,25.6255,25.5789,0.0466,-1050222292425.8615,-133704934449.95699
B6,28,1294.4531,6681.17,-967212524715.9584,-123136871237.20308,-844075653478.7552,25.6322,25.5851,0.0471,-967212524741.5906,-123136871262.78818
B6,29,1344.1334,6652.18,-818502481484.9918,-104204435003.7843,-714298046481.2075,25.6564,25.6075,0.0489,-818502481510.6482,-104204435029.3918
B6,30,1313.5707,6646.15,767106353534.09,97661138483.28531,669445215050.8047,25.6415,25.5937,0.0478,767106353508.4485,97661138457.6916
B6,31,1141.2166,6659.5,731407917405.7153,93116332019.9274,638291585385.788,25.5573,25.5158,0.0415,731407917380.1581,93116331994.4116
B6,32,1137.2566,6640.78,639888490061.2021,81464894869.67424,558423595191.528,25.5554,25.514,0.0414,639888490035.6467,81464894844.16023
B6,33,1069.6102,6583.0,399718697637.80383,50888619176.003845,348830078461.8,25.5222,25.4833,0.0389,399718697612.2816,50888619150.520546
B6,34,1234.0485,6588.67,478648147128.0298,60937212646.582275,417710934481.4475,25.6025,25.5576,0.0449,478648147102.4273,60937212621.02467
B6,35,1340.1335,6546.92,-387795941923.0298,-49370720223.0126,-338425221700.0172,25.6542,25.6055,0.0487,-387795941948.68396,-49370720248.6181
B6,36,1033.056,6558.97,-325035064972.76514,-41380565187.214966,-283654499785.5502,25.5043,25.4668,0.0376,-325035064998.2694,-41380565212.68176
B6,37,1182.4625,6558.64,370317760869.4317,47145554158.54445,323172206710.88727,25.5773,25.5343,0.043,370317760843.85443,47145554133.01015
B6,38,1381.9539,6547.89,401761271308.401,51148661436.41931,350612609871.9817,25.6746,25.6244,0.0503,401761271282.7264,51148661410.794914
B6,39,1266.4742,6513.94,289105441293.1696,36806326031.554596,252299115261.61502,25.6182,25.5721,0.0461,289105441267.5514,36806326005.9825
B6,40,1387.7348,6479.54,248743128514.7797,31667756394.294285,217075372120.4854,25.6773,25.6268,0.0505,248743128489.1024,31667756368.667484
B6,41,1158.8026,6458.47,178990548800.0553,22787480127.24047,156203068672.81482,25.5655,25.5234,0.0421,178990548774.4898,22787480101.71707
B6,42,1198.0819,6443.21,165515549928.15594,21071963465.807514,144443586462.34842,25.5846,25.5411,0.0436,165515549902.57135,21071963440.266415
B6,43,1110.9612,6434.42,-144476579815.87146,-18393469410.997643,-126083110404.87381,25.5421,25.5017,0.0404,-144476579841.41357,-18393469436.499344
B6,44,1350.5794,6399.08,-136635880592.52087,-17395261523.624863,-119240619068.89601,25.6589,25.6098,0.0491,-136635880618.17978,-17395261549.23466
B6,45,1292.3015,6399.49,131349381837.7808,16722231701.55316,114627150136.22765,25.6305,25.5835,0.047,131349381812.15031,16722231675.96966
B6,46,1174.915,6396.84,117217677107.52505,14923109107.890974,102294567999.63408,25.5732,25.5305,0.0427,117217677081.95186,14923109082.360474
B6,47,1096.8064,6378.58,96065960607.39975,12230261233.131765,83835699374.26799,25.535,25.4952,0.0399,96065960581.86475,12230261207.636566
B6,48,1141.968,6344.19,78537934225.13777,9998749261.465807,68539184963.67197,25.557,25.5155,0.0415,78537934199.58076,9998749235.950308
B6,49,1225.9355,6316.96,69354172483.0398,8829554634.238668,60524617848.801125,25.5979,25.5533,0.0445,69354172457.4419,8829554608.685368
B6,50,1251.4929,6289.41,58239068956.40026,7414478798.254659,50824590158.1456,25.6103,25.5648,0.0455,58239068930.78996,7414478772.689858
B6,51,1225.7092,6301.49,62019003740.25036,7895706378.486586,54123297361.76377,25.5977,25.5532,0.0445,62019003714.65266,7895706352.933386
B6,52,1249.6414,6250.69,-44199704296.17329,-5627112074.122547,-38572592222.050735,25.6092,25.5638,0.0454,-44199704321.782486,-5627112099.686347
B6,53,1114.363,6236.28,-35582095099.661934,-4529994939.025145,-31052100160.636787,25.5432,25.5028,0.0405,-35582095125.20513,-4529994964.527945
B6,54,1083.1391,6245.22,-36911534893.97299,-4699247355.249449,-32212287538.72354,25.528,25.4887,0.0393,-36911534919.50099,-4699247380.738149
B6,55,1351.2764,6199.28,-33255037459.816944,-4233734717.228712,-29021302742.588234,25.6586,25.6095,0.0491,-33255037485.475544,-4233734742.838212
B6,56,1170.4792,6196.72,-28274703862.12997,-3599683067.450535,-24675020794.679436,25.5705,25.528,0.0425,-28274703887.70047,-3599683092.9785347
B6,57,1360.5911,6179.92,-29124214433.827873,-3707835175.8639836,-25416379257.96389,25.6631,25.6137,0.0494,-29124214459.490974,-3707835201.4776835
B6,58,1189.3839,6135.89,18644088564.241016,2373599075.851838,16270489488.38918,25.5795,25.5363,0.0432,18644088538.66152,2373599050.315538
B6,59,1334.6955,6135.83,20921891551.10739,2663588634.5407805,18258302916.566612,25.6503,25.6019,0.0484,20921891525.457092,2663588608.9388804
B6,60,1280.0366,6129.61,19153421755.865498,2438442834.6694636,16714978921.196033,25.6237,25.5772,0.0465,19153421730.2418,2438442809.0922637
B6,61,1211.1078,6055.97,10765163787.329227,1370524652.0635157,9394639135.265713,25.5898,25.5459,0.0439,10765163761.739428,1370524626.5176156
B6,62,1191.7453,6085.85,13119563759.661547,1670265855.6472423,11449297904.014305,25.5805,25.5373,0.0432,13119563734.081047,1670265830.1099422
B6,63,1351.8151,6057.55,-12184676421.055895,-1551244294.1616433,-10633432126.89425,25.6584,25.6093,0.049,-12184676446.714294,-1551244319.7709432
B6,64,1228.891,6091.44,14041245267.471745,1787606123.9778779,12253639143.493866,25.5986,25.554,0.0446,14041245241.873144,1787606098.423878
B6,65,1082.0561,6048.04,9096059716.701937,1158029209.8952367,7938030506.8067,25.527,25.4877,0.0393,9096059691.174936,1158029184.4075367
B6,66,1144.6658,6017.99,7769357610.881339,989125331.7847623,6780232279.096577,25.5573,25.5158,0.0415,7769357585.324039,989125306.2689623
B6,67,1069.2018,5991.6,6025386622.902174,767098501.5206486,5258288121.381525,25.5205,25.4817,0.0388,6025386597.381674,767098476.0389487
B6,68,1126.0617,5970.07,-5443074778.173895,-692963707.1269262,-4750111071.046968,25.5481,25.5073,0.0408,-5443074803.721995,-692963732.6342262
B6,69,1084.1681,5954.16,-4687169591.719843,-596728601.3615898,-4090440990.358253,25.5277,25.4884,0.0393,-4687169617.247543,-596728626.8499898
B6,70,1181.6316,5971.42,-5765049717.749775,-733954684.4459006,-5031095033.303874,25.5752,25.5323,0.0429,-5765049743.324975,-733954709.9782006
B6,71,1274.0276,5924.86,4468011235.720776,568827358.8506062,3899183876.8701696,25.62,25.5738,0.0462,4468011210.100776,568827333.2768062
B6,72,1139.1944,5932.03,-4204824154.8185244,-535320682.7621119,-3669503472.0564127,25.5544,25.5131,0.0413,-4204824180.3729243,-535320708.27521193
B6,73,1248.4966,5880.57,-3206386740.992148,-408208537.10157895,-2798178203.8905687,25.6074,25.5621,0.0452,-3206386766.599548,-408208562.66367894
B6,74,1236.4347,5874.56,3045251279.921074,387694252.0645286,2657557027.8565454,25.6015,25.5567,0.0448,3045251254.319574,387694226.5078286
B6,75,1190.6004,5881.99,-3086265683.631195,-392915795.5614126,-2693349888.0697823,25.5792,25.5361,0.0432,-3086265709.210395,-392915821.09751254
B6,76,1474.9447,5841.6,-2865711075.9709845,-364836750.1212818,-2500874325.849703,25.7173,25.6639,0.0534,-2865711101.6882844,-364836775.7851818
B6,77,1174.4657,5805.19,1766950934.779132,224952454.34069195,1541998480.4384398,25.5711,25.5285,0.0425,1766950909.208032,224952428.81219196
B6,78,1297.2491,5808.41,-1997583885.4936113,-254314539.85752282,-1743269345.6360886,25.6308,25.5838,0.047,-1997583911.1244113,-254314565.4413228
B6,79,1268.1684,5773.55,1526242664.7821403,194307624.52040583,1331935040.2617345,25.6165,25.5705,0.0459,1526242639.1656404,194307598.94990584
B6,80,1291.4079,5753.34,-1345566820.1289651,-171305542.98984295,-1174261277.1391222,25.6277,25.5809,0.0468,-1345566845.7566652,-171305568.57074296
B6,81,1117.7959,5744.9,1096353249.314001,139577938.63441318,956775310.6795878,25.5433,25.5028,0.0405,1096353223.7707012,139577913.1316132
B6,82,1196.0455,5730.6,1059026236.170786,134825796.30141348,924200439.8693726,25.5812,25.5379,0.0433,1059026210.589586,134825770.76351348
B6,83,1204.5199,5698.58,-849212844.2123727,-108114182.2100726,-741098662.0023,25.5852,25.5416,0.0436,-849212869.7975726,-108114207.75167261
B6,84,1245.4759,5697.5,874013296.4001384,111271599.11519596,762741697.2849424,25.6051,25.56,0.0451,874013270.7950383,111271573.55519596
B6,85,1297.5412,5684.23,-825837100.3520938,-105138190.97516504,-720698909.3769288,25.6303,25.5834,0.047,-825837125.9823939,-105138216.55856504
B6,86,1282.1543,5635.6,-578454998.335752,-73643708.36275174,-504811289.9730003,25.6226,25.5762,0.0464,-578455023.958352,-73643733.93895173
B6,87,1366.9074,5622.92,564543414.9652462,71872654.27980793,492670760.6854383,25.6637,25.6142,0.0494,564543389.3015462,71872628.66560793
B6,88,1342.6634,5593.93,451925677.9430648,57535168.52593079,394390509.41713405,25.6518,25.6032,0.0486,451925652.29126483,57535142.92273079
B6,89,1319.5453,5615.44,-517806702.5057073,-65922508.29728873,-451884194.2084186,25.6406,25.5929,0.0477,-517806728.14630735,-65922533.89018873
B6,90,1341.5218,5588.34,-433033696.7588275,-55129965.35971216,-377903731.3991153,25.6512,25.6027,0.0485,-433033722.4100275,-55129990.96241216
B6,91,1283.7074,5544.13,303447080.6742954,38632197.905802645,264814882.7684928,25.6229,25.5765,0.0464,303447055.0513954,38632172.329302646
B6,92,1180.9626,5555.75,303531984.11568147,38643007.0163743,264888977.09930718,25.5731,25.5304,0.0427,303531958.5425815,38642981.4859743
B6,93,1171.4527,5508.04,-214421377.60539454,-27298194.937145732,-187123182.6682488,25.5682,25.5259,0.0423,-214421403.17359453,-27298220.46304573
B6,94,1307.1598,5525.01,-270009689.440661,-34375202.910159096,-235634486.5305019,25.6341,25.5869,0.0472,-270009715.07476103,-34375228.4970591
B6,95,1006.9166,5471.53,-142050586.3284023,-18084591.38954835,-123965994.93885396,25.4882,25.4519,0.0364,-142050611.81660232,-18084616.84144835
B6,96,1268.6223,5514.91,-243260286.21728382,-30969707.50673559,-212290578.71054822,25.6154,25.5695,0.0458,-243260311.8326838,-30969733.07623559
B6,97,980.7326,5465.97,-133304607.27534167,-16971131.35907509,-116333475.91626659,25.4755,25.4401,0.0354,-133304632.75084168,-16971156.79917509
B6,98,1384.211,5440.18,-156212636.3851504,-19887577.139040846,-136325059.24610955,25.671,25.621,0.05,-156212662.0561504,-19887602.760040846
B6,99,1279.0389,5425.48,-130306994.7683474,-16589501.961971004,-113717492.8063764,25.6199,25.5737,0.0462,-130307020.3882474,-16589527.535671003
B6,100,1176.4216,5416.3,-112298433.81234677,-14296812.652904151,-98001621.15944262,25.5701,25.5277,0.0425,-112298459.38244677,-14296838.18060415
B6,101,1047.0132,5381.47,78113997.03024855,9944799.543992903,68169197.48625565,25.5072,25.4694,0.0378,78113971.52304855,9944774.074592903
B6,102,1194.4489,5349.4,-70955863.99135055,-9033445.426238349,-61922418.565112196,25.5785,25.5354,0.0431,-70955889.56985055,-9033470.961638348
B6,103,1584.1693,5350.37,-94986397.94931173,-12092798.51605404,-82893599.4332577,25.7672,25.7101,0.0572,-94986423.71651173,-12092824.22615404
B6,104,1222.408,5327.08,-61997362.032239236,-7892928.854960627,-54104433.17727861,25.5919,25.5478,0.0441,-61997387.624139234,-7892954.402760627
B6,105,981.7785,5291.05,38556515.73528206,4908693.847579376,33647821.88770269,25.4752,25.4398,0.0354,38556490.260082066,4908668.407779376
B6,106,1289.4667,5276.88,-45928695.50705209,-5847209.53830239,-40081485.968749695,25.624,25.5775,0.0465,-45928721.131052084,-5847235.11580239
B6,107,1451.6845,5300.68,-61129167.8486414,-7782398.030500202,-53346769.8181412,25.7027,25.6503,0.0523,-61129193.5513414,-7782423.680800202
B6,108,1138.7813,5283.75,-42492187.724067554,-5409704.076502102,-37082483.647565454,25.5511,25.5101,0.0411,-42492213.275167555,-5409729.586602102
B6,109,1271.2996,5242.76,-35555495.179242454,-4526586.206843159,-31028908.972399294,25.615,25.5692,0.0458,-35555520.79424246,-4526611.776043159
B6,110,1098.2203,5182.71,-20024058.757138427,-2549262.324215302,-17474796.432923127,25.5309,25.4913,0.0395,-20024084.28803843,-2549287.8155153017
B6,111,1091.3765,5243.1,-30523460.698602892,-3885952.5286281365,-26637508.169974755,25.5279,25.4886,0.0393,-30523486.22650289,-3885978.0172281363
B6,112,1235.9586,5168.27,-20344075.940252263,-2590004.0063689025,-17754071.93388336,25.5973,25.5529,0.0445,-20344101.537552264,-2590029.5592689025
B6,113,1248.6009,5155.88,18814313.88929896,2395292.904531152,16419020.98476781,25.6034,25.5584,0.0449,18814288.28589896,2395267.346131152
B6,114,1127.2135,5138.53,15050924.357679037,1916171.6730597354,13134752.684619302,25.5446,25.504,0.0406,15050898.813079037,1916146.1690597355
B6,115,876.1215,5144.03,12141675.605343824,1545791.978749657,10595883.626594167,25.4233,25.3918,0.0315,12141650.182043824,1545766.586949657
B6,116,1034.1603,5110.96,11358611.531150617,1446099.3041756724,9912512.226974944,25.4995,25.4623,0.0372,11358586.031650616,1446073.8418756723
B6,117,1508.3879,5074.75,12769032.455710849,1625661.6913407925,11143370.764370056,25.7282,25.6739,0.0542,12769006.727510849,1625636.0174407924
B6,118,1311.0645,5096.7,12999695.26117364,1655027.549170868,11344667.712002771,25.6331,25.5859,0.0472,12999669.62807364,1655001.963270868
B6,119,1162.4668,5036.3,7514392.885089018,956687.7232375462,6557705.161851472,25.5609,25.5191,0.0418,7514367.324189018,956662.2041375461
B6,120,1242.7738,5033.36,-7848834.836812976,-999221.3629166633,-6849613.4738963125,25.5996,25.5549,0.0447,-7848860.436412976,-999246.9178166633
B6,121,1369.8528,5035.29,8772994.738378832,1116921.761566574,7656072.976812258,25.6609,25.6117,0.0492,8772969.077478832,1116896.149866574
B6,122,1250.6425,5001.55,-6318425.511482896,-804383.2958987856,-5514042.2155841105,25.6031,25.5582,0.0449,-6318451.114582896,-804408.8540987856
B6,123,1185.8581,5000.24,-5935668.202311441,-755654.0734545604,-5180014.128856881,25.5719,25.5293,0.0426,-5935693.774211441,-755679.6027545604
B6,124,883.9671,4937.22,-2831374.6918378756,-360443.22570444574,-2470931.4661334297,25.4259,25.3942,0.0317,-2831400.117737876,-360468.6199044457
B6,125,1232.342,4953.84,4433912.410151957,564508.4520087085,3869403.958143248,25.5939,25.5497,0.0442,4433886.816251957,564482.9023087085
B6,126,1133.3267,4946.17,3856358.596552444,490979.415426272,3365379.181126172,25.5461,25.5054,0.0407,3856333.0504524442,490953.910026272
B6,127,1262.3877,4933.35,-3932220.1909952597,-500592.91514730174,-3431627.275847958,25.6082,25.5629,0.0453,-3932245.79919526,-500618.47804730176
B6,128,1438.6685,4914.2,3916027.055609353,498575.98427861556,3417451.0713307373,25.6929,25.6413,0.0516,3916001.3627093527,498550.34297861555
B6,129,1183.3718,4863.87,-2251621.829907546,-286634.15218478267,-1964987.6777227633,25.5695,25.5271,0.0424,-2251647.399407546,-286659.6792847827
B6,130,1283.7362,4865.72,2476958.7167706657,315366.5819541825,2161592.134816483,25.6179,25.5718,0.046,2476933.0988706658,315341.0101541825
B6,131,1113.1654,4834.23,1718174.9694759801,218764.94017990696,1499410.0292960731,25.5355,25.4956,0.0399,1718149.4339759802,218739.44457990697
B6,132,1156.6069,4829.57,-1728003.1811221922,-219971.7065362932,-1508031.474585899,25.5563,25.5149,0.0414,-1728028.7374221922,-219997.2214362932
B6,133,1205.0961,4810.64,1573361.121971196,200328.5666758454,1373032.5552953507,25.5795,25.5363,0.0432,1573335.542471196,200303.03037584538
B6,134,1163.5985,4817.17,1591491.0062106678,202636.68652159802,1388854.3196890699,25.5596,25.5179,0.0417,1591465.4466106677,202611.16862159802
B6,135,1195.3944,4765.35,-1132280.7223847257,-144129.62293211187,-988151.0994526139,25.5744,25.5316,0.0428,-1132306.2967847257,-144155.15453211186
B6,136,1374.8058,4772.31,-1364207.9974166455,-173656.46849624845,-1190551.5289203972,25.6607,25.6115,0.0492,-1364233.6581166454,-173682.07999624845
B6,137,1207.9638,4761.15,1107590.7433230262,141030.8373836189,966559.9059394073,25.5804,25.5372,0.0432,1107565.1629230261,141005.3001836189
B6,138,1246.6673,4739.31,-980417.1087741092,-124795.68349590995,-855621.4252781993,25.5988,25.5542,0.0446,-980442.7075741092,-124821.23769590995
B6,139,1178.5539,4692.22,-663130.637962353,-84401.62566994142,-578729.0122924115,25.5656,25.5235,0.0421,-663156.2035623529,-84427.14916994142
B6,140,1399.6864,4653.76,-601377.0666150082,-76539.63052996257,-524837.4360850456,25.6712,25.6212,0.05,-601402.7378150081,-76565.25172996256
B6,141,1286.1904,4677.65,-653319.8244555005,-83152.56080043687,-570167.2636550636,25.6171,25.5711,0.046,-653345.4415555005,-83178.13190043687
B6,142,1155.5646,4655.56,-501124.79679846176,-63776.49578953913,-437348.30100892263,25.5542,25.5129,0.0413,-501150.35099846177,-63802.00868953913
B6,143,1259.0204,4619.61,-424743.47938159865,-54052.26990018306,-370691.2094814156,25.6034,25.5584,0.0449,-424769.08278159867,-54077.828300183064
B6,144,1118.3379,4600.61,329731.88222248515,42000.75134428423,287731.13087820093,25.5358,25.4959,0.0399,329706.34642248513,41975.25544428423
B6,145,1470.1478,4585.86,-389437.08549123636,-49557.29727777297,-339879.7882134634,25.7041,25.6517,0.0524,-389462.78959123633,-49582.94897777297
B6,146,1255.4502,4581.23,321960.1931201155,41011.37956115042,280948.8135589651,25.6012,25.5564,0.0448,321934.5919201155,40985.823161150416
B6,147,1117.2712,4514.07,178319.17668568014,22724.235192471253,155594.9414932089,25.5343,25.4945,0.0398,178293.64238568014,22698.740692471252
B6,148,1302.7296,4553.6,274817.20305487496,35009.5717416829,239807.63131319208,25.6235,25.5771,0.0464,274791.579554875,34983.9946416829
B6,149,1285.63,4524.2,-219956.22437752617,-27980.5742966666,-191975.65008085957,25.615,25.5692,0.0458,-219981.83937752616,-28006.143496666602
B6,150,1135.2156,4510.25,176198.77499485583,22454.29113142932,153744.48386342652,25.5428,25.5024,0.0404,176173.23219485584,22428.78873142932
B6,151,1224.119,4493.78,-169095.11726031164,-21505.41470768545,-147589.7025526262,25.5852,25.5416,0.0436,-169120.70246031164,-21530.95630768545
B6,152,1247.3807,4492.92,-170713.56133187923,-21711.452029430442,-149002.10930244878,25.5963,25.5519,0.0444,-170739.15763187924,-21737.00392943044
B6,153,1286.7392,4420.79,106121.12588258197,13532.68480396577,92588.44107861619,25.6141,25.5684,0.0457,106095.51178258196,13507.11640396577
B6,154,1117.4882,4409.82,-85111.36144016575,-10813.391953805061,-74297.9694863607,25.5332,25.4935,0.0397,-85136.89464016576,-10838.885453805062
B6,155,1397.7238,4430.29,123024.72753754858,15684.741435371405,107339.98610217718,25.6672,25.6175,0.0497,122999.06033754858,15659.123935371405
B6,156,1315.1742,4375.53,-78650.6267808823,-9990.796639330822,-68659.83014155149,25.627,25.5803,0.0467,-78676.2537808823,-10016.376939330821
B6,157,1160.6209,4370.08,66610.3116560469,8502.473593916833,58107.838062130075,25.5533,25.5121,0.0412,66584.7583560469,8476.961493916833
B6,158,1348.5061,4344.48,-64506.55276902494,-8190.087419324186,-56316.46534970075,25.6424,25.5946,0.0478,-64532.19516902493,-8215.682019324186
B6,159,1200.6212,4324.72,-49948.45694594619,-6336.734915982107,-43611.72202996408,25.5717,25.5291,0.0426,-49974.02864594619,-6362.264015982107
B6,160,1155.3166,4289.82,37609.71485789332,4810.373572526431,32799.341285366885,25.5497,25.5087,0.0409,37584.165157893316,4784.864872526431
B6,161,1200.4861,4318.13,-47672.48790515986,-6046.978954766617,-41625.50895039325,25.5715,25.529,0.0426,-47698.05940515986,-6072.507954766617
B6,162,1276.1329,4277.49,-37978.38184858075,-4812.78457683863,-33165.59727174212,25.6069,25.5617,0.0452,-38003.98874858075,-4838.34627683863
B6,163,1353.8351,4272.43,-38820.06214044416,-4919.911430075614,-33900.15071036855,25.6438,25.5959,0.0479,-38845.70594044416,-4945.507330075614
B6,164,1193.7574,4248.11,28863.961850037147,3696.9559416381503,25167.005908398998,25.5673,25.5251,0.0422,28838.39455003715,3671.4308416381505
B6,165,956.4345,4209.48,-17535.951220115716,-2210.3542362367543,-15325.59698387896,25.4541,25.4203,0.0338,-17561.405320115715,-2235.7745362367546
B6,166,1166.5728,4223.14,23642.594435973224,3032.2078118574404,20610.386624115785,25.554,25.5128,0.0413,23617.040435973224,3006.6950118574405
B6,167,1366.3176,4235.68,-30190.275652819117,-3821.239870292697,-26369.03578252642,25.6491,25.6008,0.0483,-30215.924752819115,-3846.8406702926973
B6,168,1006.7455,4156.22,12709.05963546041,1640.1886403796493,11068.87099508076,25.4773,25.4417,0.0355,12683.582335460409,1614.7469403796492
B6,169,1166.1586,4180.27,-17424.73666801684,-2196.1190840191116,-15228.61758399773,25.5532,25.512,0.0412,-17450.28986801684,-2221.6310840191118
B6,170,1213.419,4126.4,-12375.414735860291,-1553.2678333876136,-10822.146902472678,25.5747,25.5319,0.0428,-12400.98943586029,-1578.7997333876135
B6,171,1263.0871,4119.6,12290.47971922384,1586.9918489364293,10703.48787028741,25.5981,25.5536,0.0445,12264.881619223841,1561.4382489364293
B6,172,1216.183,4109.48,-10988.209322565865,-1376.6604131929614,-9611.548909372903,25.5758,25.5329,0.0429,-11013.785122565865,-1402.1933131929613
B6,173,1117.9678,4085.48,8549.536842919024,1110.6750910001683,7438.861751918856,25.5289,25.4895,0.0394,8524.007942919025,1085.1855910001684
B6,174,1261.2309,4064.64,-8299.805368719855,-1034.3809632403209,-7265.4244054795345,25.5963,25.5519,0.0444,-8325.401668719855,-1059.9328632403208
B6,175,1239.6395,4065.2,-8157.295472501369,-1016.2457321879192,-7141.04974031345,25.5861,25.5425,0.0436,-8182.881572501369,-1041.7882321879192
B6,176,1211.1918,4021.7,-5856.584796467479,-723.3506810961436,-5133.234115371335,25.5719,25.5293,0.0426,-5882.1566964674785,-748.8799810961436
B6,177,1228.562,4011.48,5590.069939388715,733.9414796800597,4856.128459708656,25.5799,25.5367,0.0432,5564.490039388716,708.4047796800597
B6,178,1319.3928,3982.22,-4821.977556494465,-591.5949592435686,-4230.382597250897,25.6222,25.5758,0.0463,-4847.599756494465,-617.1707592435686
B6,179,1038.1563,3991.89,4115.3194809258175,546.1199946384811,3569.199486287336,25.4897,25.4532,0.0365,4089.8297809258174,520.6667946384811
B6,180,1144.13,3972.87,-3913.1830776075285,-475.9590974132233,-3437.223980194305,25.5393,25.4992,0.0402,-3938.7223776075284,-501.45829741322325
B6,181,1119.8467,3933.45,-2891.0085872102177,-345.8342771888445,-2545.174310021373,25.5272,25.488,0.0392,-2916.5357872102177,-371.3222771888445
B6,182,1339.538,3943.36,3766.332524156226,501.7987979831063,3264.5337261731197,25.6308,25.5839,0.047,3740.701724156226,476.2148979831063
B6,183,1334.4914,3904.74,-2806.8485457200295,-335.0424203939939,-2471.8061253260357,25.6276,25.5809,0.0467,-2832.4761457200293,-360.6233203939939
B6,184,1144.4327,3886.21,-2106.9886423986263,-246.01158136772864,-1860.9770610308976,25.5379,25.4978,0.04,-2132.526542398626,-271.5093813677286
B6,185,1207.8047,3875.41,2105.09500279256,290.25610893954155,1814.8388938530186,25.5675,25.5252,0.0422,2079.52750279256,264.73090893954156
B6,186,1157.7974,3833.13,1505.845455903884,213.94630470493772,1291.8991511989461,25.5431,25.5027,0.0404,1480.3023559038838,188.4436047049377
B6,187,1333.0432,3828.51,-1624.1808724681396,-184.4774958316433,-1439.7033766364962,25.6252,25.5787,0.0465,-1649.8060724681395,-210.0561958316433
B6,188,1175.8652,3820.11,1395.4407968515334,199.89689899759657,1195.5438978539369,25.5513,25.5103,0.041,1369.8894968515333,174.38659899759656
B6,189,1242.9419,3798.97,1273.4062116600442,184.38442809509013,1089.0217835649541,25.5823,25.539,0.0433,1247.8239116600441,158.84542809509014
B6,190,1231.6485,3771.71,1042.6866305070157,155.0067464719939,887.6798840350218,25.5764,25.5335,0.0429,1017.1102305070157,129.4732464719939
B6,191,1002.7513,3766.86,-776.1158791674101,-76.62953588361832,-699.4863432837917,25.4692,25.4343,0.0349,-801.5850791674101,-102.06383588361831
B6,192,1311.3263,3712.79,738.1910926798961,116.2687524429361,621.9223402369599,25.6122,25.5667,0.0456,712.5788926798961,90.70205244293611
B6,193,1113.6452,3730.19,-660.6192811877277,-61.886129530725015,-598.7331516570026,25.5203,25.4816,0.0387,-686.1395811877277,-87.36772953072501
B6,194,1499.3929,3697.35,-706.461894151998,-67.58425999501262,-638.8776341569853,25.6996,25.6475,0.0521,-732.161494151998,-93.23175999501262
B6,195,1373.6304,3697.91,699.488014066679,111.36355000730127,588.1244640593778,25.6409,25.5932,0.0477,673.8471140666791,85.77035000730127
B6,196,1033.631,3692.84,514.0226780125499,87.62946757889354,426.3932104336564,25.4822,25.4463,0.0359,488.54047801254995,62.18316757889354
B6,197,1315.5089,3655.42,-451.410383880426,-35.18027040830877,-416.23011347211724,25.6127,25.5671,0.0456,-477.02308388042604,-60.74737040830877
B6,198,1031.7136,3634.25,-296.9109860938514,-15.612942127029292,-281.29804396682215,25.4801,25.4443,0.0357,-322.3910860938514,-41.05724212702929
B6,199,1317.7002,3612.99,378.7670634261105,70.51046212547766,308.25660130063284,25.6126,25.567,0.0456,353.1544634261105,44.94346212547766
B6,200,1140.8194,3570.34,-200.48502870317887,-3.2988603287836447,-197.18616837439524,25.5293,25.4899,0.0394,-226.01432870317888,-28.788760328783642
B6,201,1247.943,3598.88,-277.78694228138716,-13.10138785184321,-264.68555442954397,25.5798,25.5366,0.0431,-303.36674228138713,-38.63798785184321
B6,202,1381.3429,3557.74,276.1365760800213,57.46607301886608,218.67050306115522,25.6405,25.5929,0.0477,250.4960760800213,31.873173018866083
B6,203,973.7606,3586.25,-190.24133991963916,-2.054213918047908,-188.18712600159125,25.4521,25.4185,0.0336,-215.69343991963916,-27.47271391804791
B6,204,1254.2668,3557.62,253.0338020410316,54.47942497124184,198.55437706978978,25.5816,25.5383,0.0433,227.4522020410316,28.94112497124184
B6,205,984.95,3490.83,136.60483469558272,39.55940847851008,97.04542621707265,25.4552,25.4214,0.0339,111.14963469558272,14.13800847851008
B6,206,1200.1384,3481.78,152.45115555092602,41.653292117101074,110.79786343382494,25.5544,25.5132,0.0413,126.89675555092602,16.140092117101073
B6,207,1132.1715,3461.18,-78.13902743909016,12.272009921394659,-90.41103736048481,25.5225,25.4836,0.0389,-103.66152743909015,-13.21159007860534
B6,208,1306.6412,3450.74,-85.4560573298972,11.40229717026587,-96.85835450016307,25.6027,25.5578,0.0448,-111.0587573298972,-14.15550282973413
B6,209,1146.1306,3442.03,-65.74865856472226,13.854013234460357,-79.60267179918262,25.5284,25.4891,0.0393,-91.27705856472227,-11.635086765539643
B6,210,1054.23,3391.9,-33.48154718445066,17.92836904141921,-51.40991622586987,25.4847,25.4487,0.0361,-58.966247184450665,-7.520330958580789
B7,1,1345.2808,7167.26,31528990985665.85,4013989898554.754,27515001087111.098,25.658,25.6089,0.049,31528990985640.195,4013989898529.145
B7,2,1336.2709,7159.39,29618078017109.58,3770709504448.684,25847368512660.895,25.6535,25.6049,0.0487,29618078017083.926,3770709504423.079
B7,3,1217.5656,7136.75,23040469184759.938,2933307019175.5654,20107162165584.37,25.5955,25.5511,0.0444,23040469184734.344,2933307019150.014
B7,4,1359.869,7125.44,23667080617370.695,3013081597497.7534,20653999019872.94,25.665,25.6155,0.0495,23667080617345.03,3013081597472.1377
B7,5,1018.9885,7123.73,17570232701742.46,2236885303827.919,15333347397914.543,25.4983,25.4612,0.0371,17570232701716.963,2236885303802.4575
B7,6,1335.4627,7094.45,-18679363699395.62,-2378089969126.3887,-16301273730269.232,25.653,25.6044,0.0487,-18679363699421.273,-2378089969151.993
B7,7,1048.4746,7086.32,-13869283467783.562,-1765713459215.3132,-12103570008568.25,25.5127,25.4745,0.0382,-13869283467809.076,-1765713459240.7878
B7,8,1210.6332,7038.72,11404707106445.2,1451945580577.1538,9952761525868.045,25.5919,25.5478,0.0441,11404707106419.607,1451945580551.606
B7,9,1013.1142,7070.77,-11986322273904.53,-1525991635735.6,-10460330638168.93,25.4954,25.4585,0.0369,-11986322273930.025,-1525991635761.0586
B7,10,1451.1426,7012.8,-11403038047398.664,-1451733090822.5505,-9951304956576.113,25.7095,25.6566,0.0529,-11403038047424.373,-1451733090848.207
B7,11,1125.4134,7005.01,-8363517937177.975,-1064768502442.412,-7298749434735.5625,25.5502,25.5092,0.041,-8363517937203.524,-1064768502467.9211
B7,12,1234.7952,7008.97,-9436018277190.582,-1201309679194.2832,-8234708597996.299,25.6037,25.5587,0.045,-9436018277216.186,-1201309679219.8418
B7,13,1156.9053,6986.43,-7547930198583.454,-960935146482.0382,-6586995052101.416,25.5656,25.5234,0.0421,-7547930198609.02,-960935146507.5616
B7,14,1248.7228,6956.53,-6578074431077.765,-837461761127.8268,-5740612669949.9375,25.6104,25.5649,0.0455,-6578074431103.375,-837461761153.3917
B7,15,1630.3802,6974.98,-9782898462193.652,-1245471370230.7092,-8537427091962.943,25.797,25.7376,0.0594,-9782898462219.45,-1245471370256.4468
B7,16,1146.7346,6883.85,3605199743900.3696,458981873587.03516,3146217870313.3345,25.5604,25.5187,0.0418,3605199743874.809,458981873561.5165
B7,17,1032.8945,6890.12,3401867589731.2896,433095437409.81195,2968772152321.4775,25.5048,25.4672,0.0376,3401867589705.7847,433095437384.3447
B7,18,1401.2753,6880.93,4324263402321.026,550526644639.7245,3773736757681.3013,25.6848,25.6338,0.051,4324263402295.3413,550526644614.0907
B7,19,1425.1259,6849.56,3518077680300.6167,447890269565.0548,3070187410735.562,25.6964,25.6445,0.0519,3518077680274.9204,447890269539.41034
B7,20,1325.8751,6842.33,-3109848793422.6016,-395918208982.1242,-2713930584440.4775,25.6479,25.5996,0.0483,-3109848793448.2495,-395918209007.7238
B7,21,1292.4678,6823.6,2649053448146.396,337253855889.9649,2311799592256.431,25.6315,25.5845,0.0471,2649053448120.7646,337253855864.38043
B7,22,1143.779,6809.62,-2126197852547.0256,-270688545205.39764,-1855509307341.628,25.5589,25.5172,0.0416,-2126197852572.5845,-270688545230.91486
B7,23,1281.3943,6764.74,-1736271378345.1821,-221046584594.2938,-1515224793750.8884,25.626,25.5794,0.0466,-1736271378370.808,-221046584619.8732
B7,24,1246.7645,6781.46,1897607931689.0125,241586515513.31012,1656021416175.7024,25.6091,25.5638,0.0454,1897607931663.4033,241586515487.7463
B7,25,1203.6268,6737.62,-1341548243582.806,-170793955946.18887,-1170754287636.617,25.588,25.5442,0.0438,-1341548243608.3938,-170793955971.73306
B7,26,1268.2315,6737.82,1420143585105.3748,180800013815.00568,1239343571290.3691,25.6195,25.5734,0.0462,1420143585079.7554,180800013789.43228
B7,27,1444.5218,6724.52,-1467063279057.7942,-186773410687.91257,-1280289868369.8816,25.7056,25.653,0.0526,-1467063279083.4998,-186773410713.56558
B7,28,1368.7462,6669.57,944989162008.5121,120307590970.91014,824681571037.6019,25.6685,25.6187,0.0498,944989161982.8436,120307590945.29144
B7,29,1283.7791,6670.84,-890458893074.354,-113365283487.21504,-777093609587.1389,25.627,25.5803,0.0467,-890458893099.981,-113365283512.79535
B7,30,1177.3758,6675.93,-847607758894.7949,-107909859309.06018,-739697899585.7347,25.575,25.5322,0.0428,-847607758920.3699,-107909859334.59238
B7,31,1206.0146,6668.07,-821104101174.3469,-104535650016.64427,-716568451157.7026,25.589,25.5451,0.0439,-821104101199.9359,-104535650042.18938
B7,32,1249.5442,6632.76,-661827004105.5317,-84257910745.08997,-577569093360.4418,25.6102,25.5647,0.0455,-661827004131.142,-84257910770.65466
B7,33,1202.6884,6622.59,594091195444.2458,75634391823.9092,518456803620.3367,25.5873,25.5435,0.0438,594091195418.6586,75634391798.36569
B7,34,1330.8421,6578.78,-481413375551.71027,-61289256819.47255,-420124118732.23773,25.6498,25.6013,0.0484,-481413375577.36005,-61289256845.07385
B7,35,1311.2471,6563.81,426213165945.0038,54261658554.37498,371951507390.6288,25.6401,25.5925,0.0477,426213165919.3637,54261658528.78248
B7,36,1339.0656,6552.26,-402173081318.9485,-51201089369.02323,-350971991949.92523,25.6537,25.605,0.0487,-402173081344.6022,-51201089394.628235
B7,37,1301.1765,6565.52,-428881542965.77344,-54601372470.532616,-374280170495.24084,25.6352,25.5879,0.0473,-428881542991.4086,-54601372496.120514
B7,38,1214.5262,6540.4,-335480636308.8453,-42710402156.76379,-292770234152.0815,25.5929,25.5487,0.0442,-335480636334.4382,-42710402182.312485
B7,39,1463.9994,6497.08,-297517939619.1559,-37877330235.56957,-259640609383.5863,25.7145,25.6613,0.0532,-297517939644.87036,-37877330261.23087
B7,40,1231.2699,6482.28,224841361932.875,28624796673.117847,196216565259.75714,25.6009,25.5561,0.0448,224841361907.2741,28624796647.56175
B7,41,1272.7988,6465.65,-206916397189.9855,-26342750005.41623,-180573647184.56927,25.6211,25.5749,0.0463,-206916397215.6066,-26342750030.99113
B7,42,1244.6964,6442.93,171955358051.13388,21891822393.941154,150063535657.19272,25.6074,25.5621,0.0453,171955358025.5265,21891822368.379055
B7,43,1042.8899,6424.81,126486562847.22,16103140963.180689,110383421884.0393,25.5088,25.4709,0.0379,126486562821.7112,16103140937.70979
B7,44,1131.8534,6382.42,101940650057.1693,12978174292.561079,88962475764.60822,25.5522,25.511,0.0411,101940650031.6171,12978174267.05008
B7,45,1306.3835,6351.9,-94560604660.98767,-12038612697.04407,-82521991963.9436,25.6372,25.5897,0.0475,-94560604686.62488,-12038612722.63377
B7,46,1200.0109,6379.97,106087426612.07053,13506104894.9463,92581321717.12422,25.5854,25.5418,0.0436,106087426586.48512,13506104869.404501
B7,47,1158.7922,6383.89,105341867463.94827,13411186954.464767,91930680509.4835,25.5653,25.5232,0.0421,105341867438.38297,13411186928.941568
B7,48,1085.3736,6349.01,-77115401705.46434,-9817645065.363522,-67297756640.100815,25.5294,25.49,0.0394,-77115401730.99374,-9817645090.853521
B7,49,1229.9514,6326.94,-74608079100.04056,-9498435116.120218,-65109643983.92034,25.5999,25.5552,0.0447,-74608079125.64046,-9498435141.675419
B7,50,1026.7017,6260.7,38937814807.87512,4957215284.206147,33980599523.668976,25.5006,25.4633,0.0373,38937814782.37452,4957215258.742847
B7,51,1258.6158,6280.01,54878961228.43142,6986699853.977785,47892261374.453636,25.6137,25.568,0.0457,54878961202.81772,6986699828.409785
B7,52,1284.9299,6202.19,-32215846418.103817,-4101434183.2473907,-28114412234.856426,25.6263,25.5796,0.0467,-32215846443.730118,-4101434208.8269906
B7,53,1520.192,6249.21,-53271358901.07333,-6782034220.549853,-46489324680.52348,25.7411,25.6859,0.0552,-53271358926.81443,-6782034246.235753
B7,54,1294.0635,6221.86,-37301940562.081245,-4748950322.475409,-32552990239.605835,25.6308,25.5838,0.047,-37301940587.71204,-4748950348.059209
B7,55,1379.6106,6203.87,35075590169.47284,4465511293.827814,30610078875.645027,25.6724,25.6223,0.0501,35075590143.80044,4465511268.205514
B7,56,1291.1943,6198.14,-31482135875.926617,-4008024701.600419,-27474111174.3262,25.6293,25.5824,0.0469,-31482135901.555916,-4008024727.182819
B7,57,1044.4067,6175.75,-21740989838.163803,-2767868877.693105,-18973120960.4707,25.509,25.4711,0.0379,-21740989863.672802,-2767868903.164205
B7,58,1124.2319,6163.57,21423723589.563812,2727477413.333524,18696246176.23029,25.5478,25.507,0.0408,21423723564.016014,2727477387.8265243
B7,59,1245.7963,6110.43,-16289393426.68703,-2073820249.9122174,-14215573176.774813,25.6069,25.5617,0.0452,-16289393452.29393,-2073820275.4739175
B7,60,1290.3604,6153.58,-22932798554.359676,-2919599332.5962477,-20013199221.763428,25.6288,25.5819,0.0468,-22932798579.988476,-2919599358.178148
B7,61,1101.7763,6104.96,-13880187885.743496,-1767101690.236978,-12113086195.506517,25.5367,25.4967,0.04,-13880187911.280195,-1767101715.733678
B7,62,1284.0032,6058.09,-11573451789.522648,-1473428626.1301312,-10100023163.392517,25.6253,25.5787,0.0466,-11573451815.147947,-1473428651.7088313
B7,63,1177.1301,6047.67,9895301562.454945,1259781552.6174464,8635520009.837498,25.5733,25.5305,0.0427,9895301536.881645,1259781527.0869465
B7,64,970.0584,6048.13,8154601605.487156,1038171160.7954147,7116430444.691741,25.4724,25.4372,0.0352,8154601580.014756,1038171135.3582147
B7,65,1161.8779,6032.21,8735662857.900917,1112146696.5472274,7623516161.353689,25.5658,25.5236,0.0422,8735662832.335117,1112146671.0236273
B7,66,1223.2839,6011.22,7925718810.646236,1009031845.0503361,6916686965.595901,25.5956,25.5512,0.0444,7925718785.050636,1009031819.4991361
B7,67,1142.4236,6004.13,-7032735512.776924,-895345132.3205868,-6137390380.456337,25.5562,25.5148,0.0414,-7032735538.333124,-895345157.8353868
B7,68,1032.9765,5958.26,-4592196047.628345,-584637416.896448,-4007558630.7318964,25.5028,25.4653,0.0375,-4592196073.131145,-584637442.361748
B7,69,1289.4697,5961.32,5867305503.695096,746973023.5647901,5120332480.130306,25.6276,25.5809,0.0468,5867305478.067496,746972997.9838902
B7,70,1202.6016,5905.65,-3685455432.7037306,-469199289.7281568,-3216256142.9755735,25.5851,25.5415,0.0436,-3685455458.2888308,-469199315.2696568
B7,71,1188.6671,5914.79,-3887783445.0913525,-494957887.5357006,-3392825557.5556517,25.5784,25.5353,0.0431,-3887783470.6697526,-494957913.07100064
B7,72,986.1998,5884.13,2592331848.267105,330032589.9047409,2262299258.3623643,25.4798,25.444,0.0357,2592331822.787305,330032564.4607409
B7,73,1033.5723,5869.18,-2441277961.8174605,-310801712.07030934,-2130476249.7471511,25.5028,25.4653,0.0375,-2441277987.3202605,-310801737.53560936
B7,74,1350.688,5891.68,3754177465.76712,477948410.5763893,3276229055.1907306,25.6571,25.6082,0.049,3754177440.1100197,477948384.9681893
B7,75,1268.4911,5868.76,-2996153066.7469296,-381443460.9413684,-2614709605.805561,25.617,25.5711,0.046,-2996153092.3639297,-381443486.5124684
B7,76,1233.3313,5865.41,2846156846.1489334,362347324.6472979,2483809521.5016356,25.5999,25.5552,0.0447,2846156820.5490336,362347299.09209794
B7,77,1160.8769,5799.84,1682726417.749928,214229740.09721515,1468496677.6527128,25.5644,25.5224,0.042,1682726392.185528,214229714.57481515
B7,78,1190.2549,5775.58,-1452598084.6420527,-184931808.92289054,-1267666275.719162,25.5786,25.5355,0.0431,-1452598110.2206526,-184931834.45839053
B7,79,1170.0451,5765.75,1331726798.8951073,169543599.49068537,1162183199.4044218,25.5687,25.5264,0.0424,1331726773.3264072,169543573.96428537
B7,80,1135.584,5767.56,-1310659299.9434428,-166861428.94768646,-1143797870.9957564,25.552,25.5109,0.0411,-1310659325.4954429,-166861454.45858645
B7,81,1147.4019,5740.77,1094426052.5110798,139332585.13879475,955093467.372285,25.5576,25.5161,0.0415,1094426026.9534798,139332559.62269476
B7,82,1366.5998,5747.45,1365551648.1753156,173849877.66190237,1191701770.5134132,25.6642,25.6147,0.0495,1365551622.5111156,173849852.04720238
B7,83,1264.6636,5728.17,1099146113.1374211,139933501.19926158,959212611.9381596,25.6146,25.5688,0.0458,1099146087.5228212,139933475.63046157
B7,84,1271.8971,5689.8,844112706.5948642,107464922.73969872,736647783.8551655,25.6179,25.5719,0.046,844112680.9769642,107464897.16779873
B7,85,1398.6938,5654.74,-725500248.5617572,-92364197.95690757,-633136050.6048496,25.6793,25.6287,0.0506,-725500274.2410572,-92364223.58560757
B7,86,1117.0493,5651.52,566095400.854068,72070239.18658765,494025161.6674804,25.5425,25.5021,0.0404,566095375.311568,72070213.68448764
B7,87,1041.2007,5637.89,-478565995.60599214,-60926731.61965696,-417639263.98633516,25.5056,25.4679,0.0377,-478566021.1115921,-60926757.08755696
B7,88,1278.5731,5590.82,-420463403.301502,-53529627.74528155,-366933775.5562204,25.6206,25.5744,0.0462,-420463428.922102,-53529653.31968155
B7,89,1290.8742,5589.98,422538893.1894752,53793905.19738424,368744987.99209094,25.6266,25.5799,0.0467,422538867.56287515,53793879.61748424
B7,90,1079.1873,5575.05,-317417403.12898934,-40410730.232231826,-277006672.8967575,25.5238,25.4848,0.039,-317417428.65278935,-40410755.71703183
B7,91,1149.718,5558.17,-299651847.9469901,-38148978.18624261,-261502869.76074746,25.5579,25.5164,0.0416,-299651873.5048901,-38149003.70264261
B7,92,1154.2363,5550.14,-284502731.45261586,-36220327.800317355,-248282403.6522985,25.5601,25.5184,0.0417,-284502757.0127159,-36220353.31871735
B7,93,1291.4954,5500.35,-223564123.89241722,-28462167.797811624,-195101956.0946056,25.6264,25.5797,0.0467,-223564149.51881722,-28462193.377511624
B7,94,1175.0404,5531.68,-254272033.50152656,-32371624.982682325,-221900408.51884425,25.5701,25.5276,0.0425,-254272059.07162657,-32371650.510282326
B7,95,1124.2758,5520.32,224795517.69023132,28618982.40703219,196176535.28319913,25.5454,25.5048,0.0406,224795492.14483133,28618956.902232192
B7,96,1181.7001,5492.75,194357983.93721434,24743947.129030723,169614036.8081836,25.5731,25.5304,0.0427,194357958.36411434,24743921.598630723
B7,97,1160.8604,5450.56,-141125786.2933196,-17966854.040883046,-123158932.25243656,25.5628,25.5208,0.0419,-141125811.8561196,-17966879.561683044
B7,98,1427.8475,5446.58,-168807073.62839913,-21490988.53212202,-147316085.09627712,25.6922,25.6406,0.0516,-168807099.32059914,-21491014.17272202
B7,99,1409.0945,5435.9,-154645285.46944538,-19688035.991734616,-134957249.47771075,25.683,25.6321,0.0509,-154645311.15244538,-19688061.623834617
B7,100,1258.1634,5414.14,118437709.23747888,15078454.979632424,103359254.25784646,25.6097,25.5643,0.0454,118437683.62777889,15078429.415332424
B7,101,1140.6377,5401.39,97838640.32298341,12455965.222160552,85382675.10082287,25.5527,25.5115,0.0412,97838614.77028342,12455939.710660553
B7,102,1063.7885,5404.22,-93393098.90775698,-11889954.087522434,-81503144.82023455,25.5155,25.4771,0.0384,-93393124.42325698,-11889979.564622434
B7,103,1128.1775,5362.6,-73551071.10943574,-9363844.072273575,-64187227.03716216,25.5464,25.5057,0.0407,-73551096.65583573,-9363869.577973574
B7,104,1236.4972,5346.49,-72100028.9413766,-9179110.286264252,-62920918.65511234,25.5988,25.5542,0.0446,-72100054.5401766,-9179135.840464251
B7,105,1434.4737,5308.2,63574666.44629959,8093781.806498571,55480884.63980102,25.6944,25.6427,0.0517,63574640.75189959,8093756.163798572
B7,106,1558.2981,5292.5,61769398.676105484,7863951.262678505,53905447.41342698,25.7542,25.698,0.0562,61769372.92190549,7863925.564678505
B7,107,1194.0787,5259.5,37512935.396146,4775834.586194194,32737100.809951805,25.5777,25.5347,0.043,37512909.818446,4775809.051494194
B7,108,1209.5599,5247.8,34948148.86521315,4449308.848279232,30498840.016933918,25.5851,25.5416,0.0436,34948123.280113146,4449283.306679232
B7,109,1335.1761,5265.46,-43738228.00035214,-5568338.737045262,-38169889.26330687,25.646,25.5979,0.0481,-43738253.646352135,-5568364.334945262
B7,110,1057.9974,5239.46,-28775741.6840557,-3663448.5455061323,-25112293.13854957,25.5118,25.4736,0.0381,-28775767.1958557,-3663474.0191061324
B7,111,1331.3034,5223.22,-32385522.87526395,-4123013.586563935,-28262509.288700018,25.6438,25.5959,0.048,-32385548.519063953,-4123039.182463935
B7,112,1188.9057,5164.5,-19031116.969352756,-2422849.79908323,-16608267.170269527,25.5746,25.5318,0.0428,-19031142.543952756,-2422875.33088323
B7,113,1217.6768,5197.04,-24593730.92514999,-3131032.1794226016,-21462698.745727386,25.5887,25.5449,0.0439,-24593756.51384999,-3131057.7243226017
B7,114,1253.3165,5126.39,-15319549.533845194,-1950326.1160839235,-13369223.41776127,25.6054,25.5603,0.0451,-15319575.139245193,-1950351.6763839235
B7,115,1079.6537,5136.9,-14216143.506460432,-1809850.3673161052,-12406293.139144327,25.5216,25.4828,0.0389,-14216169.028060433,-1809875.8501161053
B7,116,1216.1701,5142.88,16698122.624937756,2125878.2967425175,14572244.328195238,25.5876,25.5438,0.0438,16698097.037337756,2125852.7529425174
B7,117,1473.972,5085.98,13567020.349445736,1727254.379349472,11839765.970096264,25.7116,25.6586,0.053,13566994.637845736,1727228.720749472
B7,118,1206.467,5077.34,10404922.03732368,1324684.1283644221,9080237.908959258,25.5824,25.539,0.0434,10404896.45492368,1324658.589364422
B7,119,1227.0079,5087.23,-11346469.77501157,-1444509.050428902,-9901960.724582667,25.5924,25.5483,0.0441,-11346495.367411569,-1444534.598728902
B7,120,1205.3441,5044.85,-8277044.150220605,-1053737.1669534533,-7223306.983267151,25.5816,25.5383,0.0433,-8277069.731820605,-1053762.7052534532
B7,121,1323.8917,5034.86,8478644.543430578,1079447.7032593493,7399196.840171229,25.6388,25.5912,0.0476,8478618.904630577,1079422.1120593494
B7,122,1197.5536,4994.31,5748582.324838614,731880.4862417366,5016701.838596878,25.5775,25.5345,0.043,5748556.747338614,731854.9517417366
B7,123,1068.5167,4979.18,-4608860.9837469375,-586736.8569093419,-4022124.1268375954,25.5151,25.4768,0.0384,-4608886.498846938,-586762.3337093418
B7,124,1159.7436,4990.13,-5388726.2826446295,-686022.316619333,-4702703.966025297,25.5592,25.5176,0.0417,-5388751.8418446295,-686047.834219333
B7,125,1233.7207,4967.14,4871498.863791911,620218.0566725582,4251280.807119353,25.5947,25.5504,0.0443,4871473.269091911,620192.5062725582
B7,126,1257.8258,4934.6,-3954621.5323041547,-503444.8557874752,-3451176.6765166796,25.606,25.5609,0.0451,-3954647.138304155,-503470.41668747517
B7,127,1211.1394,4901.5,3003933.113299177,382456.23495273484,2621476.8783464422,25.5832,25.5398,0.0434,3003907.530099177,382430.6951527348
B7,128,1194.2381,4888.98,-2711491.4047263395,-345180.6403067681,-2366310.7644195715,25.575,25.5322,0.0428,-2711516.9797263397,-345206.17250676814
B7,129,1665.1317,4853.41,-2941116.8485989557,-374414.32961440075,-2566702.518984555,25.8013,25.7416,0.0597,-2941142.6498989556,-374440.07121440076
B7,130,1234.2181,4877.32,-2577253.0953015867,-328090.6014143926,-2249162.493887194,25.5941,25.5499,0.0443,-2577278.6894015865,-328116.15131439257
B7,131,1216.3823,4814.35,-1625397.7521164727,-206908.87653965811,-1418488.8755768146,25.585,25.5414,0.0436,-1625423.3371164727,-206934.4179396581
B7,132,1328.0137,4822.5,1885209.504608792,240030.36664523665,1645179.1379635553,25.6387,25.5912,0.0476,1885183.865908792,240004.77544523665
B7,133,1188.1482,4780.8,1252507.7898450575,159480.375923447,1093027.4139216105,25.5711,25.5285,0.0425,1252482.2187450575,159454.847423447
B7,134,1286.7656,4791.67,-1467995.9834082946,-186869.8614855041,-1281126.1219227905,25.6186,25.5725,0.0461,-1468021.6020082945,-186895.43398550412
B7,135,1052.7517,4776.29,-1074187.905361704,-136733.81628451886,-937454.0890771851,25.5059,25.4683,0.0377,-1074213.411261704,-136759.28458451887
B7,136,1235.7139,4764.52,-1159636.0738164827,-147612.24738388965,-1012023.826432593,25.5938,25.5495,0.0442,-1159661.6676164826,-147637.79688388965
B7,137,1410.6741,4731.95,1054130.0984531385,134224.77958727916,919905.3188658593,25.6774,25.627,0.0505,1054104.4210531386,134199.15258727915
B7,138,1150.7747,4751.13,-984015.3514464091,-125253.81499060533,-858761.5364558038,25.5528,25.5116,0.0412,-984040.9042464091,-125279.32659060533
B7,139,1159.2439,4684.57,619789.5643066687,78928.32385407326,540861.2404525954,25.5562,25.5148,0.0414,619764.0081066687,78902.80905407325
B7,140,1021.1115,4687.1,-553559.4738597367,-70452.0605467372,-483107.41331299953,25.49,25.4535,0.0365,-553584.9638597367,-70477.5140467372
B7,141,1080.0319,4701.36,-648573.2672771851,-82548.34737938958,-566024.9198977955,25.5184,25.4798,0.0386,-648598.785677185,-82573.82717938958
B7,142,1104.6487,4647.45,-453043.12783111015,-57655.18541043786,-395387.9424206723,25.5297,25.4902,0.0394,-453068.65753111016,-57680.67561043786
B7,143,1250.9096,4643.94,501290.70432344475,63842.13949387602,437448.5648295687,25.5998,25.5551,0.0447,501265.1045234447,63816.58439387602
B7,144,1224.8478,4605.86,374819.710959915,47740.97080726097,327078.74015265406,25.5868,25.5431,0.0437,374794.124159915,47715.42770726097
B7,145,1230.3708,4577.66,-308226.8202346004,-39218.41907185543,-269008.40116274497,25.5892,25.5453,0.0439,-308252.4094346004,-39243.96437185543
B7,146,1376.9927,4544.06,-270861.30951555906,-34461.32186710938,-236399.98764844966,25.6589,25.6099,0.0491,-270886.96841555904,-34486.93176710938
B7,147,1215.7788,4567.72,-282731.17469261104,-35972.54635961849,-246758.62833299255,25.5821,25.5387,0.0433,-282756.75679261104,-35998.08505961849
B7,148,1054.9085,4558.29,-229853.948623157,-29240.74889365503,-200613.19972950197,25.5049,25.4673,0.0376,-229879.453523157,-29266.21619365503
B7,149,1057.9104,4517.43,-172767.00880815362,-21972.948119980232,-150794.0606881734,25.506,25.4683,0.0377,-172792.51480815362,-21998.416419980233
B7,150,1294.8965,4509.09,199119.2161837266,25372.375976587955,173746.84020713862,25.6192,25.5731,0.0461,199093.5969837266,25346.802876587954
B7,151,961.927,4483.11,-123342.54853996588,-15680.70224333557,-107661.8462966303,25.4597,25.4255,0.0342,-123368.00823996589,-15706.12774333557
B7,152,1114.52,4476.27,135836.29459180546,17315.692264646354,118520.60232715911,25.5326,25.4929,0.0397,135810.76199180546,17290.199364646352
B7,153,1270.1092,4436.43,-116520.1687494734,-14812.024860609523,-101708.14388886388,25.6064,25.5612,0.0452,-116545.77514947341,-14837.586060609523
B7,154,1164.7199,4419.11,-94678.76925232908,-12031.41155668421,-82647.35769564487,25.5558,25.5145,0.0414,-94704.32505232908,-12056.92605668421
B7,155,1551.6899,4422.19,129162.78413468023,16466.240495206614,112696.54363947362,25.7406,25.6854,0.0551,129137.04353468023,16440.555095206615
B7,156,1347.7262,4383.94,-85224.59376640586,-10827.723452515751,-74396.8703138901,25.6427,25.5948,0.0479,-85250.23646640586,-10853.318252515752
B7,157,1122.9823,4380.71,69427.31762800597,8861.095958279737,60566.221669726234,25.5355,25.4956,0.0399,69401.78212800597,8835.600358279737
B7,158,1451.9893,4331.8,63634.32484672335,8123.703901258562,55510.62094546479,25.6915,25.64,0.0515,63608.63334672335,8098.063901258562
B7,159,1263.866,4342.91,-59896.32814641291,-7603.185779683063,-52293.14236672985,25.6021,25.5573,0.0448,-59921.93024641291,-7628.743079683063
B7,160,1035.743,4293.18,-34461.43885593767,-4365.126597677226,-30096.31225826044,25.4928,25.4561,0.0367,-34486.93165593767,-4390.582697677226
B7,161,1186.0515,4286.65,-37671.698786537476,-4773.773296555498,-32897.92548998198,25.5642,25.5222,0.042,-37697.26298653748,-4799.295496555498
B7,162,1225.9851,4306.25,-44774.33761803325,-5678.003093461473,-39096.33452457178,25.5835,25.5401,0.0434,-44799.92111803325,-5703.5431934614735
B7,163,1207.7135,4262.06,32343.80090550335,4139.983269350841,28203.81763615251,25.5742,25.5314,0.0428,32318.22670550335,4114.451869350841
B7,164,1049.5695,4233.6,22915.030769733577,2939.538234036785,19975.492535696794,25.4986,25.4615,0.0371,22889.53216973358,2914.076734036785
B7,165,1263.9831,4241.17,29173.02353703224,3736.3285260263683,25436.69501100587,25.6006,25.5559,0.0447,29147.42293703224,3710.7726260263685
B7,166,1206.6815,4194.47,-19976.129510905776,-2520.9247047548847,-17455.20480615089,25.5726,25.53,0.0426,-20001.702110905775,-2546.454704754885
B7,167,1011.5824,4192.84,16560.955701188053,2130.579807592736,14430.375893595317,25.48,25.4443,0.0357,16535.475701188054,2105.135507592736
B7,168,1194.1746,4179.4,17812.17913596173,2289.9409488819197,15522.23818707981,25.5665,25.5243,0.0422,17786.61263596173,2264.4166488819196
B7,169,1117.1339,4137.43,12381.656776434213,1598.5467036865275,10783.110072747684,25.5293,25.4899,0.0394,12356.127476434212,1573.0568036865275
B7,170,1368.8789,4126.84,-13964.089733680123,-1755.4670893017633,-12208.62264437836,25.6484,25.6001,0.0483,-13989.738133680123,-1781.0671893017634
B7,171,1127.1448,4131.55,-11930.330090668549,-1496.6350198739974,-10433.69507079455,25.534,25.4942,0.0398,-11955.864090668549,-1522.1292198739975
B7,172,1107.5437,4120.21,-10779.140042616033,-1350.0830477885336,-9429.056994827499,25.5245,25.4854,0.0391,-10804.664542616032,-1375.5684477885336
B7,173,1196.6782,4092.14,-9577.44537617817,-1197.0618452557796,-8380.38353092239,25.5662,25.5241,0.0422,-9603.011576178169,-1222.5859452557797
B7,174,1195.5478,4067.71,-8014.438899073731,-998.0745211329693,-7016.364377940761,25.5653,25.5232,0.0421,-8040.004199073731,-1023.5977211329692
B7,175,1268.3675,4046.88,7410.208137509809,965.6801865360703,6444.527950973738,25.5993,25.5547,0.0446,7384.608837509809,940.1254865360703
B7,176,1078.4245,4020.75,5238.54712393184,689.134283495691,4549.412840436149,25.5092,25.4713,0.0379,5213.03792393184,663.6629834956909
B7,177,1193.5859,4008.88,5332.020044313243,701.0761255613046,4630.943918751938,25.5633,25.5214,0.0419,5306.456744313243,675.5547255613046
B7,178,1098.5604,4005.51,4775.120071347006,630.142015038384,4144.978056308622,25.5184,25.4798,0.0386,4749.601671347006,604.662215038384
B7,179,1468.2379,3969.6,4963.969698900592,654.3183867840331,4309.651312116559,25.6921,25.6405,0.0515,4938.277598900592,628.6778867840331
B7,180,1264.8988,3983.83,-4665.2131082946,-571.6568728261988,-4093.556235468401,25.5965,25.5521,0.0444,-4690.8096082945995,-597.2089728261988
B7,181,1104.077,3944.24,-3072.0460192358087,-368.8879300778448,-2703.158089157964,25.52,25.4813,0.0387,-3097.5660192358087,-394.3692300778448
B7,182,1135.9838,3893.84,2253.387948732545,309.10971351641126,1944.2782352161335,25.5341,25.4943,0.0398,2227.853848732545,283.61541351641125
B7,183,1218.325,3912.76,-2708.742023032517,-322.59432780783965,-2386.147695224677,25.5732,25.5305,0.0427,-2734.3152230325168,-348.12482780783967
B7,184,1351.9925,3887.43,2556.643179395608,347.7955545415513,2208.847624854057,25.6355,25.5882,0.0473,2531.007679395608,322.20735454155135
B7,185,1087.022,3886.7,-2000.0427909967582,-232.41696771320488,-1767.6258232835532,25.5109,25.4729,0.038,-2025.5536909967582,-257.88986771320486
B7,186,1115.1757,3848.87,1619.6754995387764,228.4229538367864,1391.2525457019901,25.5234,25.4845,0.039,1594.1520995387764,202.9384538367864
B7,187,1347.2405,3840.94,1846.997954066208,257.4473705912905,1589.5505834749174,25.6322,25.5851,0.0471,1821.365754066208,231.8622705912905
B7,188,1328.3651,3827.14,-1603.1752428725938,-181.8049583730683,-1421.3702844995255,25.623,25.5766,0.0464,-1628.7982428725938,-207.3815583730683
B7,189,1221.7314,3807.07,1322.489146304147,190.62570121814448,1131.8634450860025,25.5725,25.5299,0.0426,1296.916646304147,165.0958012181445
B7,190,1195.6536,3743.32,-782.9044090911742,-77.42465086439779,-705.4797582267764,25.5589,25.5173,0.0416,-808.4633090911742,-102.9419508643978
B7,191,1172.8562,3756.76,-844.791946012121,-85.31161986746208,-759.4803261446589,25.5486,25.5077,0.0408,-870.340546012121,-110.81931986746208
B7,192,1170.5062,3732.86,-709.1649157371679,-68.04602000606931,-641.1188957310986,25.5469,25.5062,0.0407,-734.711815737168,-93.55222000606932
B7,193,1289.2914,3715.19,739.360371333155,116.40973700509471,622.9506343280602,25.602,25.5572,0.0448,713.758371333155,90.85253700509472
B7,194,1292.1764,3716.81,747.6435826996766,117.46534300332573,630.1782396963508,25.6034,25.5585,0.0449,722.0401826996766,91.90684300332573
B7,195,1204.4124,3698.12,616.3991979803436,100.7245975569429,515.6746004234008,25.562,25.5201,0.0418,590.8371979803436,75.2044975569429
B7,196,1403.0792,3638.15,474.3712506903925,82.71304450420641,391.65820618618613,25.653,25.6044,0.0486,448.7182506903925,57.10864450420641
B7,197,1383.6056,3639.77,-423.0927020520795,-31.551002796491392,-391.5416992555881,25.644,25.596,0.0479,-448.7367020520795,-57.14700279649139
B7,198,1199.4955,3612.64,347.03132115411904,66.42781002715726,280.6035111269618,25.5576,25.5161,0.0415,321.47372115411906,40.91171002715726
B7,199,1247.8961,3578.35,-235.83571177006988,-7.760955687652395,-228.07475608241748,25.5792,25.5361,0.0431,-261.41491177006986,-33.297055687652396
B7,200,1405.5222,3608.59,-339.00287995305075,-20.838245733869705,-318.16463421918104,25.6533,25.6046,0.0486,-364.65617995305075,-46.4428457338697
B7,201,1219.0685,3583.86,291.8299415688519,59.4065308411267,232.42341072772518,25.566,25.5238,0.0421,266.2639415688519,33.8827308411267
B7,202,1306.0647,3530.35,220.42742293880787,50.346199767782295,170.08122317102556,25.6048,25.5598,0.045,194.82262293880785,24.786399767782296
B7,203,1271.9211,3511.41,-140.2306910964521,4.417841665242565,-144.64853276169467,25.5885,25.5447,0.0438,-165.8191910964521,-21.126858334757433
B7,204,1238.4325,3547.27,234.05081114748984,52.05681329957232,181.9939978479175,25.574,25.5313,0.0427,208.47681114748983,26.525513299572317
B7,205,1188.8526,3507.37,-125.17559070687206,6.304824532105755,-131.4804152389778,25.5499,25.509,0.0409,-150.72549070687205,-19.204175467894245
B7,206,1317.8193,3483.3,166.2503249019852,43.45201274159719,122.79831216038802,25.6088,25.5635,0.0453,140.6415249019852,17.888512741597186
B7,207,1476.4788,3478.4,-126.87597890921643,6.190170272661891,-133.06614918187833,25.682,25.6312,0.0507,-152.55797890921642,-19.44102972733811
B7,208,1421.0228,3456.35,-99.70224203018363,9.629398394411881,-109.3316404245955,25.6556,25.6068,0.0488,-125.35784203018363,-15.977401605588119
B7,209,1178.2293,3423.6,-56.83664896479961,14.999634583368813,-71.83628354816842,25.5427,25.5023,0.0404,-82.3793489647996,-10.502665416631189
B7,210,1249.4438,3439.7,123.6766945167615,38.006632684244494,85.670061832517,25.576,25.5331,0.0429,98.10069451676151,12.473532684244493
B7,211,1013.5577,3345.57,66.197196074033,30.603276145633618,35.59391992839939,25.4648,25.4302,0.0346,40.732396074033005,5.173076145633619
B7,212,1157.4144,3411.73,-48.89436320730902,16.003139508346017,-64.89750271565504,25.5327,25.4931,0.0396,-74.42706320730902,-9.489960491653981
B7,213,1130.4978,3346.61,71.37514189554558,31.30386693142887,40.07127496411671,25.5185,25.4799,0.0386,45.85664189554558,5.8239669314288705
B7,214,1314.323,3336.36,75.09206353252087,31.84181746710357,43.2502460654173,25.6024,25.5576,0.0448,49.489663532520865,6.28421746710357
B7,215,1117.6253,3310.72,-9.612481958641862,20.98791251090723,-30.60039446954909,25.5115,25.4735,0.0381,-35.12398195864186,-4.485587489092772
B7,216,1357.4947,3325.24,-21.634714454504405,19.542393338803187,-41.17710779330759,25.6218,25.5756,0.0463,-47.256514454504405,-6.0332066611968145
B7,217,1234.4933,3282.29,57.30706620105088,29.548068761485816,27.758997439565064,25.5641,25.5221,0.042,31.74296620105088,4.025968761485817
B7,218,1187.8826,3248.0,49.52291570368778,28.539808295907193,20.983107407780587,25.5416,25.5013,0.0403,23.98131570368778,3.0385082959071923
B7,219,1137.2272,3244.29,47.845006506192234,28.308283943500005,19.53672256269223,25.5184,25.4799,0.0386,22.326606506192235,2.828383943500004
B7,220,1299.6683,3263.79,54.930678841198024,29.268011373306628,25.662667467891396,25.5932,25.5491,0.0441,29.337478841198024,3.7189113733066286
B7,221,1348.0691,3197.78,6.565674175303808,23.12577225719272,-16.56009808188891,25.6127,25.5672,0.0456,-19.047025824696192,-2.4414277428072815
B7,222,1525.7245,3227.39,52.23578090895144,29.00333380707205,23.23244710187939,25.6948,25.6431,0.0517,26.54098090895144,3.360233807072049
B7,223,1057.4393,3178.02,12.48341516081843,23.77681121776699,-11.293396056948561,25.48,25.4443,0.0357,-12.99658483918157,-1.6674887822330078
B7,224,1077.0114,3193.36,40.19829110055141,27.31243055360653,12.88586054694488,25.4894,25.453,0.0364,14.708891100551408,1.8594305536065292
B7,225,1196.2262,3140.23,14.312121007331616,24.057213140177158,-9.745092132845542,25.5416,25.5014,0.0403,-11.229478992668383,-1.4441868598228425
B7,226,1376.9226,3141.94,38.703748077050854,27.22572471656676,11.478023360484094,25.6235,25.5772,0.0464,13.080248077050854,1.648524716566758
B7,227,1120.366,3117.31,34.423922635384365,26.59057812351316,7.8333445118712035,25.5065,25.4688,0.0377,8.917422635384366,1.1217781235131596
B7,228,1455.4878,3072.05,34.096457812021924,26.664257606016545,7.43220020600538,25.6559,25.6071,0.0488,8.440557812021925,1.0571576060165455
B7,229,1297.0946,3069.77,32.96758568125011,26.465373249474485,6.502212431775622,25.5844,25.5409,0.0435,7.383185681250108,0.9244732494744845
B7,230,1162.172,3059.58,31.663300716251094,26.25211502493659,5.411185691314504,25.5232,25.4843,0.0389,6.140100716251094,0.7678150249365885
B7,231,1135.76,3065.5,31.79823536848476,26.260296890256235,5.537938478228526,25.5116,25.4735,0.038,6.28663536848476,0.7867968902562339
B7,232,1371.8875,3024.55,19.927794916661416,24.829748189276145,-4.90195327261473,25.616,25.5702,0.0458,-5.688205083338584,-0.7404518107238545
B7,233,1203.3926,3003.35,21.238242254549426,24.93754602590092,-3.699303771351495,25.5395,25.4994,0.0401,-4.301257745450574,-0.5618539740990798
B7,234,1376.5629,2954.52,29.064172208631806,25.99204584744926,3.072126361182548,25.6148,25.5691,0.0457,3.4493722086318073,0.42294584744925956
B7,235,1042.522,2974.2,28.471175351232194,25.801914080174086,2.669261271058108,25.4663,25.4317,0.0347,3.0048753512321937,0.37021408017408675
B7,236,1239.91,2938.9,22.739186838823763,25.139189363277737,-2.400002524453974,25.5531,25.5119,0.0411,-2.813913161176238,-0.3727106367222639
B7,237,1235.2821,2934.1,22.849350755191658,25.151446392521883,-2.3020956373302255,25.5508,25.5098,0.0409,-2.701449244808341,-0.35835360747811507
B7,238,1343.4404,2917.82,28.190018325255558,25.86800863059653,2.3220096946590267,25.5982,25.5537,0.0445,2.5918183252555593,0.3143086305965319
B7,239,1143.3664,2910.02,23.392214165660885,25.188182191630105,-1.79596802596922,25.5088,25.471,0.0378,-2.1165858343391157,-0.2828178083698951
B7,240,1234.1485,2898.66,23.446572701867673,25.225893804084777,-1.7793211022171036,25.5486,25.5079,0.0408,-2.1020272981323274,-0.2820061959152227
B7,241,1385.4615,2852.15,27.287784173092167,25.765039705103785,1.5227444679883817,25.6134,25.5679,0.0456,1.674384173092168,0.1971397051037833
B7,242,1339.3816,2865.96,23.783238314543347,25.303643813484037,-1.5204054989406899,25.5938,25.5496,0.0441,-1.8105616854566549,-0.24595618651596496
B7,243,1222.7336,2837.29,26.873639929172658,25.656155019936023,1.217484909236635,25.5407,25.5005,0.0402,1.3329399291726567,0.15565501993602382
B7,244,1081.4446,2811.05,26.45430129722212,25.553673890057954,0.9006274071641656,25.4771,25.4416,0.0355,0.9772012972221198,0.11207389005795321
B7,245,1338.5943,2801.91,26.72264048636373,25.675097210902525,1.047543275461205,25.59,25.5462,0.0439,1.13264048636373,0.12889721090252593
B7,246,1255.0608,2743.09,26.24520837313703,25.583586492548296,0.6616218805887328,25.5501,25.5092,0.0409,0.6951083731370282,0.07438649254829599
B7,247,1176.4955,2757.25,26.239250608906637,25.556753444671376,0.6824971642352615,25.5164,25.478,0.0384,0.7228506089066364,0.07875344467137424
B7,248,1170.4326,2743.24,26.161244258733834,25.54423547797525,0.6170087807585851,25.513,25.4749,0.0381,0.6482442587338326,0.06933547797524753
B7,249,1184.5358,2726.8,24.914495273236014,25.389668533709173,-0.47517326047315933,25.5184,25.4799,0.0385,-0.6039047267639859,-0.09023146629082746
B7,250,1075.6673,2703.5,25.918126299154093,25.479828423895924,0.43829787525816855,25.4696,25.4348,0.0349,0.4485262991540928,0.045028423895924874
